file,line,type,commit,author,date,time,timezone,datetime,depth,length
style.css,1,css,24df9239,Zhongyan Luo,2025-04-09,17:16:51,-07:00,2025-04-09T17:16:51-07:00,0,0
style.css,2,css,24df9239,Zhongyan Luo,2025-04-09,17:16:51,-07:00,2025-04-09T17:16:51-07:00,0,5
style.css,3,css,24df9239,Zhongyan Luo,2025-04-09,17:16:51,-07:00,2025-04-09T17:16:51-07:00,0,23
style.css,4,css,38eee8a4,Zhongyan Luo,2025-04-17,17:57:35,-07:00,2025-04-17T17:57:35-07:00,0,33
style.css,5,css,24df9239,Zhongyan Luo,2025-04-09,17:16:51,-07:00,2025-04-09T17:16:51-07:00,0,0
style.css,6,css,38eee8a4,Zhongyan Luo,2025-04-17,17:57:35,-07:00,2025-04-17T17:57:35-07:00,0,12
style.css,7,css,24df9239,Zhongyan Luo,2025-04-09,17:16:51,-07:00,2025-04-09T17:16:51-07:00,0,19
style.css,8,css,24df9239,Zhongyan Luo,2025-04-09,17:16:51,-07:00,2025-04-09T17:16:51-07:00,0,26
style.css,9,css,24df9239,Zhongyan Luo,2025-04-09,17:16:51,-07:00,2025-04-09T17:16:51-07:00,0,26
style.css,10,css,24df9239,Zhongyan Luo,2025-04-09,17:16:51,-07:00,2025-04-09T17:16:51-07:00,0,28
style.css,11,css,ce63b49b,Zhongyan Luo,2025-04-16,20:51:12,-07:00,2025-04-16T20:51:12-07:00,0,70
style.css,12,css,24df9239,Zhongyan Luo,2025-04-09,17:16:51,-07:00,2025-04-09T17:16:51-07:00,0,0
style.css,13,css,38eee8a4,Zhongyan Luo,2025-04-17,17:57:35,-07:00,2025-04-17T17:57:35-07:00,0,0
style.css,14,css,d162251e,Zhongyan Luo,2025-04-02,23:46:27,-07:00,2025-04-02T23:46:27-07:00,0,5
style.css,15,css,d162251e,Zhongyan Luo,2025-04-02,23:46:27,-07:00,2025-04-02T23:46:27-07:00,0,24
style.css,16,css,cbe388a1,Zhongyan Luo,2025-04-08,22:01:43,-07:00,2025-04-08T22:01:43-07:00,0,16
style.css,17,css,cbe388a1,Zhongyan Luo,2025-04-08,22:01:43,-07:00,2025-04-08T22:01:43-07:00,0,43
style.css,18,css,38eee8a4,Zhongyan Luo,2025-04-17,17:57:35,-07:00,2025-04-17T17:57:35-07:00,0,0
style.css,19,css,d2c41ce8,Zhongyan Luo,2025-04-08,16:41:45,-07:00,2025-04-08T16:41:45-07:00,0,0
style.css,20,css,d2c41ce8,Zhongyan Luo,2025-04-08,16:41:45,-07:00,2025-04-08T16:41:45-07:00,0,3
style.css,21,css,d2c41ce8,Zhongyan Luo,2025-04-08,16:41:45,-07:00,2025-04-08T16:41:45-07:00,0,17
style.css,22,css,d2c41ce8,Zhongyan Luo,2025-04-08,16:41:45,-07:00,2025-04-08T16:41:45-07:00,0,0
style.css,23,css,d2c41ce8,Zhongyan Luo,2025-04-08,16:41:45,-07:00,2025-04-08T16:41:45-07:00,0,0
style.css,24,css,d2c41ce8,Zhongyan Luo,2025-04-08,16:41:45,-07:00,2025-04-08T16:41:45-07:00,0,3
style.css,25,css,d2c41ce8,Zhongyan Luo,2025-04-08,16:41:45,-07:00,2025-04-08T16:41:45-07:00,0,17
style.css,26,css,cbe388a1,Zhongyan Luo,2025-04-08,22:01:43,-07:00,2025-04-08T22:01:43-07:00,0,0
style.css,27,css,cbe388a1,Zhongyan Luo,2025-04-08,22:01:43,-07:00,2025-04-08T22:01:43-07:00,0,0
style.css,28,css,cbe388a1,Zhongyan Luo,2025-04-08,22:01:43,-07:00,2025-04-08T22:01:43-07:00,0,4
style.css,29,css,ce63b49b,Zhongyan Luo,2025-04-16,20:51:12,-07:00,2025-04-16T20:51:12-07:00,0,40
style.css,30,css,cbe388a1,Zhongyan Luo,2025-04-08,22:01:43,-07:00,2025-04-08T22:01:43-07:00,0,13
style.css,31,css,cbe388a1,Zhongyan Luo,2025-04-08,22:01:43,-07:00,2025-04-08T22:01:43-07:00,0,24
style.css,32,css,cbe388a1,Zhongyan Luo,2025-04-08,22:01:43,-07:00,2025-04-08T22:01:43-07:00,0,26
style.css,33,css,ce63b49b,Zhongyan Luo,2025-04-16,20:51:12,-07:00,2025-04-16T20:51:12-07:00,0,40
style.css,34,css,cbe388a1,Zhongyan Luo,2025-04-08,22:01:43,-07:00,2025-04-08T22:01:43-07:00,0,0
style.css,35,css,cbe388a1,Zhongyan Luo,2025-04-08,22:01:43,-07:00,2025-04-08T22:01:43-07:00,0,0
style.css,36,css,cbe388a1,Zhongyan Luo,2025-04-08,22:01:43,-07:00,2025-04-08T22:01:43-07:00,0,2
style.css,37,css,cbe388a1,Zhongyan Luo,2025-04-08,22:01:43,-07:00,2025-04-08T22:01:43-07:00,0,7
style.css,38,css,cbe388a1,Zhongyan Luo,2025-04-08,22:01:43,-07:00,2025-04-08T22:01:43-07:00,0,21
style.css,39,css,cbe388a1,Zhongyan Luo,2025-04-08,22:01:43,-07:00,2025-04-08T22:01:43-07:00,0,14
style.css,40,css,cbe388a1,Zhongyan Luo,2025-04-08,22:01:43,-07:00,2025-04-08T22:01:43-07:00,0,18
style.css,41,css,cbe388a1,Zhongyan Luo,2025-04-08,22:01:43,-07:00,2025-04-08T22:01:43-07:00,0,14
style.css,42,css,cbe388a1,Zhongyan Luo,2025-04-08,22:01:43,-07:00,2025-04-08T22:01:43-07:00,0,0
style.css,43,css,cbe388a1,Zhongyan Luo,2025-04-08,22:01:43,-07:00,2025-04-08T22:01:43-07:00,0,0
style.css,44,css,cbe388a1,Zhongyan Luo,2025-04-08,22:01:43,-07:00,2025-04-08T22:01:43-07:00,0,9
style.css,45,css,cbe388a1,Zhongyan Luo,2025-04-08,22:01:43,-07:00,2025-04-08T22:01:43-07:00,0,19
style.css,46,css,cbe388a1,Zhongyan Luo,2025-04-08,22:01:43,-07:00,2025-04-08T22:01:43-07:00,0,26
style.css,47,css,cbe388a1,Zhongyan Luo,2025-04-08,22:01:43,-07:00,2025-04-08T22:01:43-07:00,0,26
style.css,48,css,38eee8a4,Zhongyan Luo,2025-04-17,17:57:35,-07:00,2025-04-17T17:57:35-07:00,0,40
style.css,49,css,cbe388a1,Zhongyan Luo,2025-04-08,22:01:43,-07:00,2025-04-08T22:01:43-07:00,0,0
style.css,50,css,cbe388a1,Zhongyan Luo,2025-04-08,22:01:43,-07:00,2025-04-08T22:01:43-07:00,0,0
style.css,51,css,cbe388a1,Zhongyan Luo,2025-04-08,22:01:43,-07:00,2025-04-08T22:01:43-07:00,0,7
style.css,52,css,cbe388a1,Zhongyan Luo,2025-04-08,22:01:43,-07:00,2025-04-08T22:01:43-07:00,0,26
style.css,53,css,cbe388a1,Zhongyan Luo,2025-04-08,22:01:43,-07:00,2025-04-08T22:01:43-07:00,0,14
style.css,54,css,24df9239,Zhongyan Luo,2025-04-09,17:16:51,-07:00,2025-04-09T17:16:51-07:00,0,0
style.css,55,css,24df9239,Zhongyan Luo,2025-04-09,17:16:51,-07:00,2025-04-09T17:16:51-07:00,0,0
style.css,56,css,24df9239,Zhongyan Luo,2025-04-09,17:16:51,-07:00,2025-04-09T17:16:51-07:00,0,6
style.css,57,css,24df9239,Zhongyan Luo,2025-04-09,17:16:51,-07:00,2025-04-09T17:16:51-07:00,0,13
style.css,58,css,24df9239,Zhongyan Luo,2025-04-09,17:16:51,-07:00,2025-04-09T17:16:51-07:00,0,0
style.css,59,css,24df9239,Zhongyan Luo,2025-04-09,17:16:51,-07:00,2025-04-09T17:16:51-07:00,0,0
style.css,60,css,24df9239,Zhongyan Luo,2025-04-09,17:16:51,-07:00,2025-04-09T17:16:51-07:00,0,9
style.css,61,css,24df9239,Zhongyan Luo,2025-04-09,17:16:51,-07:00,2025-04-09T17:16:51-07:00,0,13
style.css,62,css,24df9239,Zhongyan Luo,2025-04-09,17:16:51,-07:00,2025-04-09T17:16:51-07:00,0,0
style.css,63,css,24df9239,Zhongyan Luo,2025-04-09,17:16:51,-07:00,2025-04-09T17:16:51-07:00,0,0
style.css,64,css,24df9239,Zhongyan Luo,2025-04-09,17:16:51,-07:00,2025-04-09T17:16:51-07:00,0,7
style.css,65,css,24df9239,Zhongyan Luo,2025-04-09,17:16:51,-07:00,2025-04-09T17:16:51-07:00,0,13
style.css,66,css,24df9239,Zhongyan Luo,2025-04-09,17:16:51,-07:00,2025-04-09T17:16:51-07:00,0,0
style.css,67,css,24df9239,Zhongyan Luo,2025-04-09,17:16:51,-07:00,2025-04-09T17:16:51-07:00,0,0
style.css,68,css,40dd7050,Zhongyan Luo,2025-04-09,23:36:12,-07:00,2025-04-09T23:36:12-07:00,0,8
style.css,69,css,24df9239,Zhongyan Luo,2025-04-09,17:16:51,-07:00,2025-04-09T17:16:51-07:00,0,24
style.css,70,css,24df9239,Zhongyan Luo,2025-04-09,17:16:51,-07:00,2025-04-09T17:16:51-07:00,0,14
style.css,71,css,24df9239,Zhongyan Luo,2025-04-09,17:16:51,-07:00,2025-04-09T17:16:51-07:00,0,11
style.css,72,css,24df9239,Zhongyan Luo,2025-04-09,17:16:51,-07:00,2025-04-09T17:16:51-07:00,0,22
style.css,73,css,24df9239,Zhongyan Luo,2025-04-09,17:16:51,-07:00,2025-04-09T17:16:51-07:00,0,0
style.css,74,css,24df9239,Zhongyan Luo,2025-04-09,17:16:51,-07:00,2025-04-09T17:16:51-07:00,0,14
style.css,75,css,24df9239,Zhongyan Luo,2025-04-09,17:16:51,-07:00,2025-04-09T17:16:51-07:00,0,14
style.css,76,css,24df9239,Zhongyan Luo,2025-04-09,17:16:51,-07:00,2025-04-09T17:16:51-07:00,0,21
style.css,77,css,24df9239,Zhongyan Luo,2025-04-09,17:16:51,-07:00,2025-04-09T17:16:51-07:00,0,0
style.css,78,css,40dd7050,Zhongyan Luo,2025-04-09,23:36:12,-07:00,2025-04-09T23:36:12-07:00,0,3
style.css,79,css,40dd7050,Zhongyan Luo,2025-04-09,23:36:12,-07:00,2025-04-09T23:36:12-07:00,0,0
style.css,80,css,40dd7050,Zhongyan Luo,2025-04-09,23:36:12,-07:00,2025-04-09T23:36:12-07:00,0,5
style.css,81,css,40dd7050,Zhongyan Luo,2025-04-09,23:36:12,-07:00,2025-04-09T23:36:12-07:00,0,13
style.css,82,css,40dd7050,Zhongyan Luo,2025-04-09,23:36:12,-07:00,2025-04-09T23:36:12-07:00,0,31
style.css,83,css,40dd7050,Zhongyan Luo,2025-04-09,23:36:12,-07:00,2025-04-09T23:36:12-07:00,0,8
style.css,84,css,40dd7050,Zhongyan Luo,2025-04-09,23:36:12,-07:00,2025-04-09T23:36:12-07:00,0,6
style.css,85,css,40dd7050,Zhongyan Luo,2025-04-09,23:36:12,-07:00,2025-04-09T23:36:12-07:00,0,13
style.css,86,css,40dd7050,Zhongyan Luo,2025-04-09,23:36:12,-07:00,2025-04-09T23:36:12-07:00,0,30
style.css,87,css,40dd7050,Zhongyan Luo,2025-04-09,23:36:12,-07:00,2025-04-09T23:36:12-07:00,0,0
style.css,88,css,40dd7050,Zhongyan Luo,2025-04-09,23:36:12,-07:00,2025-04-09T23:36:12-07:00,0,7
style.css,89,css,40dd7050,Zhongyan Luo,2025-04-09,23:36:12,-07:00,2025-04-09T23:36:12-07:00,0,19
style.css,90,css,40dd7050,Zhongyan Luo,2025-04-09,23:36:12,-07:00,2025-04-09T23:36:12-07:00,0,0
style.css,91,css,7bb80dc2,Zhongyan Luo,2025-04-10,13:23:23,-07:00,2025-04-10T13:23:23-07:00,0,0
style.css,92,css,7bb80dc2,Zhongyan Luo,2025-04-10,13:23:23,-07:00,2025-04-10T13:23:23-07:00,0,0
style.css,93,css,7bb80dc2,Zhongyan Luo,2025-04-10,13:23:23,-07:00,2025-04-10T13:23:23-07:00,0,10
style.css,94,css,7bb80dc2,Zhongyan Luo,2025-04-10,13:23:23,-07:00,2025-04-10T13:23:23-07:00,0,13
style.css,95,css,7bb80dc2,Zhongyan Luo,2025-04-10,13:23:23,-07:00,2025-04-10T13:23:23-07:00,0,59
style.css,96,css,7bb80dc2,Zhongyan Luo,2025-04-10,13:23:23,-07:00,2025-04-10T13:23:23-07:00,0,8
style.css,97,css,a4c3b7f5,Zhongyan Luo,2025-04-25,21:03:10,-07:00,2025-04-25T21:03:10-07:00,0,0
style.css,98,css,a4c3b7f5,Zhongyan Luo,2025-04-25,21:03:10,-07:00,2025-04-25T21:03:10-07:00,0,15
style.css,99,css,a4c3b7f5,Zhongyan Luo,2025-04-25,21:03:10,-07:00,2025-04-25T21:03:10-07:00,0,11
style.css,100,css,a4c3b7f5,Zhongyan Luo,2025-04-25,21:03:10,-07:00,2025-04-25T21:03:10-07:00,0,12
style.css,101,css,a4c3b7f5,Zhongyan Luo,2025-04-25,21:03:10,-07:00,2025-04-25T21:03:10-07:00,0,0
style.css,102,css,7bb80dc2,Zhongyan Luo,2025-04-10,13:23:23,-07:00,2025-04-10T13:23:23-07:00,0,0
style.css,103,css,7bb80dc2,Zhongyan Luo,2025-04-10,13:23:23,-07:00,2025-04-10T13:23:23-07:00,0,0
style.css,104,css,7bb80dc2,Zhongyan Luo,2025-04-10,13:23:23,-07:00,2025-04-10T13:23:23-07:00,0,8
style.css,105,css,7bb80dc2,Zhongyan Luo,2025-04-10,13:23:23,-07:00,2025-04-10T13:23:23-07:00,0,13
style.css,106,css,7bb80dc2,Zhongyan Luo,2025-04-10,13:23:23,-07:00,2025-04-10T13:23:23-07:00,0,27
style.css,107,css,7bb80dc2,Zhongyan Luo,2025-04-10,13:23:23,-07:00,2025-04-10T13:23:23-07:00,0,16
style.css,108,css,7bb80dc2,Zhongyan Luo,2025-04-10,13:23:23,-07:00,2025-04-10T13:23:23-07:00,0,8
style.css,109,css,7bb80dc2,Zhongyan Luo,2025-04-10,13:23:23,-07:00,2025-04-10T13:23:23-07:00,0,0
style.css,110,css,7bb80dc2,Zhongyan Luo,2025-04-10,13:23:23,-07:00,2025-04-10T13:23:23-07:00,0,0
style.css,111,css,7bb80dc2,Zhongyan Luo,2025-04-10,13:23:23,-07:00,2025-04-10T13:23:23-07:00,0,3
style.css,112,css,7bb80dc2,Zhongyan Luo,2025-04-10,13:23:23,-07:00,2025-04-10T13:23:23-07:00,0,9
style.css,113,css,38eee8a4,Zhongyan Luo,2025-04-17,17:57:35,-07:00,2025-04-17T17:57:35-07:00,0,0
style.css,114,css,38eee8a4,Zhongyan Luo,2025-04-17,17:57:35,-07:00,2025-04-17T17:57:35-07:00,0,0
style.css,115,css,38eee8a4,Zhongyan Luo,2025-04-17,17:57:35,-07:00,2025-04-17T17:57:35-07:00,0,19
style.css,116,css,38eee8a4,Zhongyan Luo,2025-04-17,17:57:35,-07:00,2025-04-17T17:57:35-07:00,0,18
style.css,117,css,38eee8a4,Zhongyan Luo,2025-04-17,17:57:35,-07:00,2025-04-17T17:57:35-07:00,0,9
style.css,118,css,38eee8a4,Zhongyan Luo,2025-04-17,17:57:35,-07:00,2025-04-17T17:57:35-07:00,0,11
style.css,119,css,38eee8a4,Zhongyan Luo,2025-04-17,17:57:35,-07:00,2025-04-17T17:57:35-07:00,0,9
style.css,120,css,38eee8a4,Zhongyan Luo,2025-04-17,17:57:35,-07:00,2025-04-17T17:57:35-07:00,0,20
style.css,121,css,a4c3b7f5,Zhongyan Luo,2025-04-25,21:03:10,-07:00,2025-04-25T21:03:10-07:00,0,0
style.css,122,css,a4c3b7f5,Zhongyan Luo,2025-04-25,21:03:10,-07:00,2025-04-25T21:03:10-07:00,0,0
style.css,123,css,a4c3b7f5,Zhongyan Luo,2025-04-25,21:03:10,-07:00,2025-04-25T21:03:10-07:00,0,15
style.css,124,css,a4c3b7f5,Zhongyan Luo,2025-04-25,21:03:10,-07:00,2025-04-25T21:03:10-07:00,0,3
style.css,125,css,a4c3b7f5,Zhongyan Luo,2025-04-25,21:03:10,-07:00,2025-04-25T21:03:10-07:00,0,13
style.css,126,css,a4c3b7f5,Zhongyan Luo,2025-04-25,21:03:10,-07:00,2025-04-25T21:03:10-07:00,0,37
style.css,127,css,a4c3b7f5,Zhongyan Luo,2025-04-25,21:03:10,-07:00,2025-04-25T21:03:10-07:00,0,0
style.css,128,css,a4c3b7f5,Zhongyan Luo,2025-04-25,21:03:10,-07:00,2025-04-25T21:03:10-07:00,0,0
style.css,129,css,a4c3b7f5,Zhongyan Luo,2025-04-25,21:03:10,-07:00,2025-04-25T21:03:10-07:00,0,3
style.css,130,css,a4c3b7f5,Zhongyan Luo,2025-04-25,21:03:10,-07:00,2025-04-25T21:03:10-07:00,0,15
style.css,131,css,a4c3b7f5,Zhongyan Luo,2025-04-25,21:03:10,-07:00,2025-04-25T21:03:10-07:00,0,25
style.css,132,css,a4c3b7f5,Zhongyan Luo,2025-04-25,21:03:10,-07:00,2025-04-25T21:03:10-07:00,0,46
style.css,133,css,a4c3b7f5,Zhongyan Luo,2025-04-25,21:03:10,-07:00,2025-04-25T21:03:10-07:00,0,11
style.css,134,css,a4c3b7f5,Zhongyan Luo,2025-04-25,21:03:10,-07:00,2025-04-25T21:03:10-07:00,0,0
style.css,135,css,a4c3b7f5,Zhongyan Luo,2025-04-25,21:03:10,-07:00,2025-04-25T21:03:10-07:00,0,0
style.css,136,css,a4c3b7f5,Zhongyan Luo,2025-04-25,21:03:10,-07:00,2025-04-25T21:03:10-07:00,0,3
style.css,137,css,a4c3b7f5,Zhongyan Luo,2025-04-25,21:03:10,-07:00,2025-04-25T21:03:10-07:00,0,17
style.css,138,css,a4c3b7f5,Zhongyan Luo,2025-04-25,21:03:10,-07:00,2025-04-25T21:03:10-07:00,0,16
style.css,139,css,a4c3b7f5,Zhongyan Luo,2025-04-25,21:03:10,-07:00,2025-04-25T21:03:10-07:00,0,9
style.css,140,css,a4c3b7f5,Zhongyan Luo,2025-04-25,21:03:10,-07:00,2025-04-25T21:03:10-07:00,0,11
style.css,141,css,a4c3b7f5,Zhongyan Luo,2025-04-25,21:03:10,-07:00,2025-04-25T21:03:10-07:00,0,0
style.css,142,css,90d38f5c,Zhongyan Luo,2025-04-29,06:30:52,-07:00,2025-04-29T06:30:52-07:00,0,0
style.css,143,css,90d38f5c,Zhongyan Luo,2025-04-29,06:30:52,-07:00,2025-04-29T06:30:52-07:00,0,0
style.css,144,css,90d38f5c,Zhongyan Luo,2025-04-29,06:30:52,-07:00,2025-04-29T06:30:52-07:00,0,19
style.css,145,css,90d38f5c,Zhongyan Luo,2025-04-29,06:30:52,-07:00,2025-04-29T06:30:52-07:00,0,15
style.css,146,css,90d38f5c,Zhongyan Luo,2025-04-29,06:30:52,-07:00,2025-04-29T06:30:52-07:00,0,17
style.css,147,css,90d38f5c,Zhongyan Luo,2025-04-29,06:30:52,-07:00,2025-04-29T06:30:52-07:00,0,0
style.css,148,css,90d38f5c,Zhongyan Luo,2025-04-29,06:30:52,-07:00,2025-04-29T06:30:52-07:00,0,17
style.css,149,css,bdfecbc4,Zhongyan Luo,2025-05-03,17:39:32,-07:00,2025-05-03T17:39:32-07:00,0,0
style.css,150,css,bdfecbc4,Zhongyan Luo,2025-05-03,17:39:32,-07:00,2025-05-03T17:39:32-07:00,0,0
style.css,151,css,bdfecbc4,Zhongyan Luo,2025-05-03,17:39:32,-07:00,2025-05-03T17:39:32-07:00,0,8
style.css,152,css,bdfecbc4,Zhongyan Luo,2025-05-03,17:39:32,-07:00,2025-05-03T17:39:32-07:00,0,21
style.css,153,css,bdfecbc4,Zhongyan Luo,2025-05-03,17:39:32,-07:00,2025-05-03T17:39:32-07:00,0,19
style.css,154,css,bdfecbc4,Zhongyan Luo,2025-05-03,17:39:32,-07:00,2025-05-03T17:39:32-07:00,0,10
style.css,155,css,bdfecbc4,Zhongyan Luo,2025-05-03,17:39:32,-07:00,2025-05-03T17:39:32-07:00,0,11
style.css,156,css,bdfecbc4,Zhongyan Luo,2025-05-03,17:39:32,-07:00,2025-05-03T17:39:32-07:00,0,18
style.css,157,css,bdfecbc4,Zhongyan Luo,2025-05-03,17:39:32,-07:00,2025-05-03T17:39:32-07:00,0,30
style.css,158,css,bdfecbc4,Zhongyan Luo,2025-05-03,17:39:32,-07:00,2025-05-03T17:39:32-07:00,0,0
style.css,159,css,bdfecbc4,Zhongyan Luo,2025-05-03,17:39:32,-07:00,2025-05-03T17:39:32-07:00,0,0
style.css,160,css,bdfecbc4,Zhongyan Luo,2025-05-03,17:39:32,-07:00,2025-05-03T17:39:32-07:00,0,8
style.css,161,css,bdfecbc4,Zhongyan Luo,2025-05-03,17:39:32,-07:00,2025-05-03T17:39:32-07:00,0,13
style.css,162,css,bdfecbc4,Zhongyan Luo,2025-05-03,17:39:32,-07:00,2025-05-03T17:39:32-07:00,0,25
style.css,163,css,bdfecbc4,Zhongyan Luo,2025-05-03,17:39:32,-07:00,2025-05-03T17:39:32-07:00,0,58
style.css,164,css,bdfecbc4,Zhongyan Luo,2025-05-03,17:39:32,-07:00,2025-05-03T17:39:32-07:00,0,14
style.css,165,css,bdfecbc4,Zhongyan Luo,2025-05-03,17:39:32,-07:00,2025-05-03T17:39:32-07:00,0,13
style.css,166,css,bdfecbc4,Zhongyan Luo,2025-05-03,17:39:32,-07:00,2025-05-03T17:39:32-07:00,0,10
style.css,167,css,bdfecbc4,Zhongyan Luo,2025-05-03,17:39:32,-07:00,2025-05-03T17:39:32-07:00,0,7
style.css,168,css,bdfecbc4,Zhongyan Luo,2025-05-03,17:39:32,-07:00,2025-05-03T17:39:32-07:00,0,21
style.css,169,css,bdfecbc4,Zhongyan Luo,2025-05-03,17:39:32,-07:00,2025-05-03T17:39:32-07:00,0,0
style.css,170,css,bdfecbc4,Zhongyan Luo,2025-05-03,17:39:32,-07:00,2025-05-03T17:39:32-07:00,0,0
style.css,171,css,bdfecbc4,Zhongyan Luo,2025-05-03,17:39:32,-07:00,2025-05-03T17:39:32-07:00,0,13
style.css,172,css,bdfecbc4,Zhongyan Luo,2025-05-03,17:39:32,-07:00,2025-05-03T17:39:32-07:00,0,13
style.css,173,css,bdfecbc4,Zhongyan Luo,2025-05-03,17:39:32,-07:00,2025-05-03T17:39:32-07:00,0,19
style.css,174,css,bdfecbc4,Zhongyan Luo,2025-05-03,17:39:32,-07:00,2025-05-03T17:39:32-07:00,0,10
style.css,175,css,bdfecbc4,Zhongyan Luo,2025-05-03,17:39:32,-07:00,2025-05-03T17:39:32-07:00,0,0
style.css,176,css,bdfecbc4,Zhongyan Luo,2025-05-03,17:39:32,-07:00,2025-05-03T17:39:32-07:00,0,0
style.css,177,css,bdfecbc4,Zhongyan Luo,2025-05-03,17:39:32,-07:00,2025-05-03T17:39:32-07:00,0,11
style.css,178,css,bdfecbc4,Zhongyan Luo,2025-05-03,17:39:32,-07:00,2025-05-03T17:39:32-07:00,0,13
style.css,179,css,bdfecbc4,Zhongyan Luo,2025-05-03,17:39:32,-07:00,2025-05-03T17:39:32-07:00,0,19
style.css,180,css,bdfecbc4,Zhongyan Luo,2025-05-03,17:39:32,-07:00,2025-05-03T17:39:32-07:00,0,8
style.css,181,css,bdfecbc4,Zhongyan Luo,2025-05-03,17:39:32,-07:00,2025-05-03T17:39:32-07:00,0,0
style.css,182,css,bdfecbc4,Zhongyan Luo,2025-05-03,17:39:32,-07:00,2025-05-03T17:39:32-07:00,0,0
style.css,183,css,bdfecbc4,Zhongyan Luo,2025-05-03,17:39:32,-07:00,2025-05-03T17:39:32-07:00,0,11
style.css,184,css,bdfecbc4,Zhongyan Luo,2025-05-03,17:39:32,-07:00,2025-05-03T17:39:32-07:00,0,11
style.css,185,css,bdfecbc4,Zhongyan Luo,2025-05-03,17:39:32,-07:00,2025-05-03T17:39:32-07:00,0,14
style.css,186,css,bdfecbc4,Zhongyan Luo,2025-05-03,17:39:32,-07:00,2025-05-03T17:39:32-07:00,0,15
style.css,187,css,bdfecbc4,Zhongyan Luo,2025-05-03,17:39:32,-07:00,2025-05-03T17:39:32-07:00,0,17
style.css,188,css,bdfecbc4,Zhongyan Luo,2025-05-03,17:39:32,-07:00,2025-05-03T17:39:32-07:00,0,18
style.css,189,css,bdfecbc4,Zhongyan Luo,2025-05-03,17:39:32,-07:00,2025-05-03T17:39:32-07:00,0,0
style.css,190,css,bdfecbc4,Zhongyan Luo,2025-05-03,17:39:32,-07:00,2025-05-03T17:39:32-07:00,0,0
style.css,191,css,bdfecbc4,Zhongyan Luo,2025-05-03,17:39:32,-07:00,2025-05-03T17:39:32-07:00,0,18
style.css,192,css,bdfecbc4,Zhongyan Luo,2025-05-03,17:39:32,-07:00,2025-05-03T17:39:32-07:00,0,17
style.css,193,css,bdfecbc4,Zhongyan Luo,2025-05-03,17:39:32,-07:00,2025-05-03T17:39:32-07:00,0,12
style.css,194,css,bdfecbc4,Zhongyan Luo,2025-05-03,17:39:32,-07:00,2025-05-03T17:39:32-07:00,0,0
style.css,195,css,bdfecbc4,Zhongyan Luo,2025-05-03,17:39:32,-07:00,2025-05-03T17:39:32-07:00,0,0
style.css,196,css,bdfecbc4,Zhongyan Luo,2025-05-03,17:39:32,-07:00,2025-05-03T17:39:32-07:00,0,0
style.css,197,css,bdfecbc4,Zhongyan Luo,2025-05-03,17:39:32,-07:00,2025-05-03T17:39:32-07:00,0,5
style.css,198,css,bdfecbc4,Zhongyan Luo,2025-05-03,17:39:32,-07:00,2025-05-03T17:39:32-07:00,0,17
style.css,199,css,bdfecbc4,Zhongyan Luo,2025-05-03,17:39:32,-07:00,2025-05-03T17:39:32-07:00,0,15
style.css,200,css,bdfecbc4,Zhongyan Luo,2025-05-03,17:39:32,-07:00,2025-05-03T17:39:32-07:00,0,0
style.css,201,css,bdfecbc4,Zhongyan Luo,2025-05-03,17:39:32,-07:00,2025-05-03T17:39:32-07:00,0,0
style.css,202,css,bdfecbc4,Zhongyan Luo,2025-05-03,17:39:32,-07:00,2025-05-03T17:39:32-07:00,0,10
style.css,203,css,bdfecbc4,Zhongyan Luo,2025-05-03,17:39:32,-07:00,2025-05-03T17:39:32-07:00,0,36
style.css,204,css,bdfecbc4,Zhongyan Luo,2025-05-03,17:39:32,-07:00,2025-05-03T17:39:32-07:00,0,0
style.css,205,css,bdfecbc4,Zhongyan Luo,2025-05-03,17:39:32,-07:00,2025-05-03T17:39:32-07:00,0,11
style.css,206,css,bdfecbc4,Zhongyan Luo,2025-05-03,17:39:32,-07:00,2025-05-03T17:39:32-07:00,0,18
style.css,207,css,bdfecbc4,Zhongyan Luo,2025-05-03,17:39:32,-07:00,2025-05-03T17:39:32-07:00,0,0
style.css,208,css,bdfecbc4,Zhongyan Luo,2025-05-03,17:39:32,-07:00,2025-05-03T17:39:32-07:00,0,0
style.css,209,css,bdfecbc4,Zhongyan Luo,2025-05-03,17:39:32,-07:00,2025-05-03T17:39:32-07:00,0,0
style.css,210,css,bdfecbc4,Zhongyan Luo,2025-05-03,17:39:32,-07:00,2025-05-03T17:39:32-07:00,0,22
style.css,211,css,bdfecbc4,Zhongyan Luo,2025-05-03,17:39:32,-07:00,2025-05-03T17:39:32-07:00,0,13
style.css,212,css,bdfecbc4,Zhongyan Luo,2025-05-03,17:39:32,-07:00,2025-05-03T17:39:32-07:00,0,36
style.css,213,css,bdfecbc4,Zhongyan Luo,2025-05-03,17:39:32,-07:00,2025-05-03T17:39:32-07:00,0,19
style.css,214,css,bdfecbc4,Zhongyan Luo,2025-05-03,17:39:32,-07:00,2025-05-03T17:39:32-07:00,0,10
style.css,215,css,d2c41ce8,Zhongyan Luo,2025-04-08,16:41:45,-07:00,2025-04-08T16:41:45-07:00,0,0
index.js,1,js,a4c3b7f5,Zhongyan Luo,2025-04-25,21:03:10,-07:00,2025-04-25T21:03:10-07:00,0,72
index.js,2,js,a4c3b7f5,Zhongyan Luo,2025-04-25,21:03:10,-07:00,2025-04-25T21:03:10-07:00,0,0
index.js,3,js,a4c3b7f5,Zhongyan Luo,2025-04-25,21:03:10,-07:00,2025-04-25T21:03:10-07:00,0,55
index.js,4,js,a4c3b7f5,Zhongyan Luo,2025-04-25,21:03:10,-07:00,2025-04-25T21:03:10-07:00,0,43
index.js,5,js,a4c3b7f5,Zhongyan Luo,2025-04-25,21:03:10,-07:00,2025-04-25T21:03:10-07:00,0,0
index.js,6,js,a4c3b7f5,Zhongyan Luo,2025-04-25,21:03:10,-07:00,2025-04-25T21:03:10-07:00,0,61
index.js,7,js,a4c3b7f5,Zhongyan Luo,2025-04-25,21:03:10,-07:00,2025-04-25T21:03:10-07:00,0,55
index.js,8,js,a4c3b7f5,Zhongyan Luo,2025-04-25,21:03:10,-07:00,2025-04-25T21:03:10-07:00,0,0
index.js,9,js,a4c3b7f5,Zhongyan Luo,2025-04-25,21:03:10,-07:00,2025-04-25T21:03:10-07:00,0,56
index.js,10,js,a4c3b7f5,Zhongyan Luo,2025-04-25,21:03:10,-07:00,2025-04-25T21:03:10-07:00,0,61
index.js,11,js,a4c3b7f5,Zhongyan Luo,2025-04-25,21:03:10,-07:00,2025-04-25T21:03:10-07:00,0,18
index.js,12,js,a4c3b7f5,Zhongyan Luo,2025-04-25,21:03:10,-07:00,2025-04-25T21:03:10-07:00,0,25
index.js,13,js,a4c3b7f5,Zhongyan Luo,2025-04-25,21:03:10,-07:00,2025-04-25T21:03:10-07:00,0,3
index.js,14,js,a4c3b7f5,Zhongyan Luo,2025-04-25,21:03:10,-07:00,2025-04-25T21:03:10-07:00,0,56
index.js,15,js,a4c3b7f5,Zhongyan Luo,2025-04-25,21:03:10,-07:00,2025-04-25T21:03:10-07:00,0,56
index.js,16,js,a4c3b7f5,Zhongyan Luo,2025-04-25,21:03:10,-07:00,2025-04-25T21:03:10-07:00,0,50
index.js,17,js,a4c3b7f5,Zhongyan Luo,2025-04-25,21:03:10,-07:00,2025-04-25T21:03:10-07:00,0,50
index.js,18,js,a4c3b7f5,Zhongyan Luo,2025-04-25,21:03:10,-07:00,2025-04-25T21:03:10-07:00,0,4
index.js,19,js,a4c3b7f5,Zhongyan Luo,2025-04-25,21:03:10,-07:00,2025-04-25T21:03:10-07:00,0,1
index.js,20,js,a4c3b7f5,Zhongyan Luo,2025-04-25,21:03:10,-07:00,2025-04-25T21:03:10-07:00,0,0
index.html,1,html,be23c44,Zhongyan Luo,2025-04-02,23:23:18,-07:00,2025-04-02T23:23:18-07:00,0,14
index.html,2,html,be23c44,Zhongyan Luo,2025-04-02,23:23:18,-07:00,2025-04-02T23:23:18-07:00,0,15
index.html,3,html,be23c44,Zhongyan Luo,2025-04-02,23:23:18,-07:00,2025-04-02T23:23:18-07:00,0,5
index.html,4,html,cbe388a1,Zhongyan Luo,2025-04-08,22:01:43,-07:00,2025-04-08T22:01:43-07:00,0,39
index.html,5,html,a4c3b7f5,Zhongyan Luo,2025-04-25,21:03:10,-07:00,2025-04-25T21:03:10-07:00,0,46
index.html,6,html,a4c3b7f5,Zhongyan Luo,2025-04-25,21:03:10,-07:00,2025-04-25T21:03:10-07:00,0,51
index.html,7,html,be23c44,Zhongyan Luo,2025-04-02,23:23:18,-07:00,2025-04-02T23:23:18-07:00,0,21
index.html,8,html,be23c44,Zhongyan Luo,2025-04-02,23:23:18,-07:00,2025-04-02T23:23:18-07:00,0,69
index.html,9,html,be23c44,Zhongyan Luo,2025-04-02,23:23:18,-07:00,2025-04-02T23:23:18-07:00,0,62
index.html,10,html,be23c44,Zhongyan Luo,2025-04-02,23:23:18,-07:00,2025-04-02T23:23:18-07:00,0,6
index.html,11,html,cbe388a1,Zhongyan Luo,2025-04-08,22:01:43,-07:00,2025-04-08T22:01:43-07:00,0,0
index.html,12,html,be23c44,Zhongyan Luo,2025-04-02,23:23:18,-07:00,2025-04-02T23:23:18-07:00,0,5
index.html,13,html,be23c44,Zhongyan Luo,2025-04-02,23:23:18,-07:00,2025-04-02T23:23:18-07:00,0,3
index.html,14,html,be23c44,Zhongyan Luo,2025-04-02,23:23:18,-07:00,2025-04-02T23:23:18-07:00,0,11
index.html,15,html,be23c44,Zhongyan Luo,2025-04-02,23:23:18,-07:00,2025-04-02T23:23:18-07:00,0,4
index.html,16,html,38eee8a4,Zhongyan Luo,2025-04-17,17:57:35,-07:00,2025-04-17T17:57:35-07:00,0,20
index.html,17,html,38eee8a4,Zhongyan Luo,2025-04-17,17:57:35,-07:00,2025-04-17T17:57:35-07:00,0,153
index.html,18,html,38eee8a4,Zhongyan Luo,2025-04-17,17:57:35,-07:00,2025-04-17T17:57:35-07:00,0,5
index.html,19,html,be23c44,Zhongyan Luo,2025-04-02,23:23:18,-07:00,2025-04-02T23:23:18-07:00,0,2
index.html,20,html,be23c44,Zhongyan Luo,2025-04-02,23:23:18,-07:00,2025-04-02T23:23:18-07:00,0,64
index.html,21,html,be23c44,Zhongyan Luo,2025-04-02,23:23:18,-07:00,2025-04-02T23:23:18-07:00,0,190
index.html,22,html,be23c44,Zhongyan Luo,2025-04-02,23:23:18,-07:00,2025-04-02T23:23:18-07:00,0,3
index.html,23,html,a4c3b7f5,Zhongyan Luo,2025-04-25,21:03:10,-07:00,2025-04-25T21:03:10-07:00,0,23
index.html,24,html,a4c3b7f5,Zhongyan Luo,2025-04-25,21:03:10,-07:00,2025-04-25T21:03:10-07:00,0,23
index.html,25,html,a4c3b7f5,Zhongyan Luo,2025-04-25,21:03:10,-07:00,2025-04-25T21:03:10-07:00,0,5
index.html,26,html,a4c3b7f5,Zhongyan Luo,2025-04-25,21:03:10,-07:00,2025-04-25T21:03:10-07:00,0,23
index.html,27,html,a4c3b7f5,Zhongyan Luo,2025-04-25,21:03:10,-07:00,2025-04-25T21:03:10-07:00,0,21
index.html,28,html,a4c3b7f5,Zhongyan Luo,2025-04-25,21:03:10,-07:00,2025-04-25T21:03:10-07:00,0,50
index.html,29,html,a4c3b7f5,Zhongyan Luo,2025-04-25,21:03:10,-07:00,2025-04-25T21:03:10-07:00,0,5
index.html,30,html,cea5a9fe,Zhongyan Luo,2025-04-03,00:11:46,-07:00,2025-04-03T00:11:46-07:00,0,0
index.html,31,html,be23c44,Zhongyan Luo,2025-04-02,23:23:18,-07:00,2025-04-02T23:23:18-07:00,0,6
index.html,32,html,be23c44,Zhongyan Luo,2025-04-02,23:23:18,-07:00,2025-04-02T23:23:18-07:00,0,6
global.js,1,js,fc75fa2b,Zhongyan Luo,2025-04-16,19:11:12,-07:00,2025-04-16T19:11:12-07:00,0,26
global.js,2,js,fc75fa2b,Zhongyan Luo,2025-04-16,19:11:12,-07:00,2025-04-16T19:11:12-07:00,0,0
global.js,3,js,ce63b49b,Zhongyan Luo,2025-04-16,20:51:12,-07:00,2025-04-16T20:51:12-07:00,0,89
global.js,4,js,98a7df97,Zhongyan Luo,2025-04-17,02:09:03,-07:00,2025-04-17T02:09:03-07:00,0,21
global.js,5,js,ce63b49b,Zhongyan Luo,2025-04-16,20:51:12,-07:00,2025-04-16T20:51:12-07:00,0,0
global.js,6,js,fc75fa2b,Zhongyan Luo,2025-04-16,19:11:12,-07:00,2025-04-16T19:11:12-07:00,0,42
global.js,7,js,fc75fa2b,Zhongyan Luo,2025-04-16,19:11:12,-07:00,2025-04-16T19:11:12-07:00,0,53
global.js,8,js,fc75fa2b,Zhongyan Luo,2025-04-16,19:11:12,-07:00,2025-04-16T19:11:12-07:00,0,0
global.js,9,js,fc75fa2b,Zhongyan Luo,2025-04-16,19:11:12,-07:00,2025-04-16T19:11:12-07:00,0,0
global.js,10,js,fc75fa2b,Zhongyan Luo,2025-04-16,19:11:12,-07:00,2025-04-16T19:11:12-07:00,0,12
global.js,11,js,fc75fa2b,Zhongyan Luo,2025-04-16,19:11:12,-07:00,2025-04-16T19:11:12-07:00,0,26
global.js,12,js,fc75fa2b,Zhongyan Luo,2025-04-16,19:11:12,-07:00,2025-04-16T19:11:12-07:00,0,39
global.js,13,js,fc75fa2b,Zhongyan Luo,2025-04-16,19:11:12,-07:00,2025-04-16T19:11:12-07:00,0,37
global.js,14,js,fc75fa2b,Zhongyan Luo,2025-04-16,19:11:12,-07:00,2025-04-16T19:11:12-07:00,0,27
global.js,15,js,00000000,Not Committed Yet,2025-05-09,20:40:42,-07:00,2025-05-09T20:40:42-07:00,0,31
global.js,16,js,fc75fa2b,Zhongyan Luo,2025-04-16,19:11:12,-07:00,2025-04-16T19:11:12-07:00,0,61
global.js,17,js,fc75fa2b,Zhongyan Luo,2025-04-16,19:11:12,-07:00,2025-04-16T19:11:12-07:00,0,1
global.js,18,js,fc75fa2b,Zhongyan Luo,2025-04-16,19:11:12,-07:00,2025-04-16T19:11:12-07:00,0,39
global.js,19,js,fc75fa2b,Zhongyan Luo,2025-04-16,19:11:12,-07:00,2025-04-16T19:11:12-07:00,0,26
global.js,20,js,fc75fa2b,Zhongyan Luo,2025-04-16,19:11:12,-07:00,2025-04-16T19:11:12-07:00,0,21
global.js,21,js,fc75fa2b,Zhongyan Luo,2025-04-16,19:11:12,-07:00,2025-04-16T19:11:12-07:00,0,15
global.js,22,js,ce63b49b,Zhongyan Luo,2025-04-16,20:51:12,-07:00,2025-04-16T20:51:12-07:00,0,53
global.js,23,js,fc75fa2b,Zhongyan Luo,2025-04-16,19:11:12,-07:00,2025-04-16T19:11:12-07:00,0,19
global.js,24,js,ce63b49b,Zhongyan Luo,2025-04-16,20:51:12,-07:00,2025-04-16T20:51:12-07:00,0,35
global.js,25,js,ce63b49b,Zhongyan Luo,2025-04-16,20:51:12,-07:00,2025-04-16T20:51:12-07:00,0,12
global.js,26,js,ce63b49b,Zhongyan Luo,2025-04-16,20:51:12,-07:00,2025-04-16T20:51:12-07:00,0,21
global.js,27,js,ce63b49b,Zhongyan Luo,2025-04-16,20:51:12,-07:00,2025-04-16T20:51:12-07:00,0,13
global.js,28,js,ce63b49b,Zhongyan Luo,2025-04-16,20:51:12,-07:00,2025-04-16T20:51:12-07:00,0,66
global.js,29,js,ce63b49b,Zhongyan Luo,2025-04-16,20:51:12,-07:00,2025-04-16T20:51:12-07:00,0,26
global.js,30,js,ce63b49b,Zhongyan Luo,2025-04-16,20:51:12,-07:00,2025-04-16T20:51:12-07:00,0,0
global.js,31,js,38eee8a4,Zhongyan Luo,2025-04-17,17:57:35,-07:00,2025-04-17T17:57:35-07:00,0,0
global.js,32,js,38eee8a4,Zhongyan Luo,2025-04-17,17:57:35,-07:00,2025-04-17T17:57:35-07:00,0,0
global.js,33,js,38eee8a4,Zhongyan Luo,2025-04-17,17:57:35,-07:00,2025-04-17T17:57:35-07:00,0,32
global.js,34,js,38eee8a4,Zhongyan Luo,2025-04-17,17:57:35,-07:00,2025-04-17T17:57:35-07:00,0,12
global.js,35,js,38eee8a4,Zhongyan Luo,2025-04-17,17:57:35,-07:00,2025-04-17T17:57:35-07:00,0,0
global.js,36,js,38eee8a4,Zhongyan Luo,2025-04-17,17:57:35,-07:00,2025-04-17T17:57:35-07:00,0,27
global.js,37,js,38eee8a4,Zhongyan Luo,2025-04-17,17:57:35,-07:00,2025-04-17T17:57:35-07:00,0,5
global.js,38,js,38eee8a4,Zhongyan Luo,2025-04-17,17:57:35,-07:00,2025-04-17T17:57:35-07:00,0,7
global.js,39,js,38eee8a4,Zhongyan Luo,2025-04-17,17:57:35,-07:00,2025-04-17T17:57:35-07:00,0,25
global.js,40,js,38eee8a4,Zhongyan Luo,2025-04-17,17:57:35,-07:00,2025-04-17T17:57:35-07:00,0,21
global.js,41,js,38eee8a4,Zhongyan Luo,2025-04-17,17:57:35,-07:00,2025-04-17T17:57:35-07:00,0,20
global.js,42,js,38eee8a4,Zhongyan Luo,2025-04-17,17:57:35,-07:00,2025-04-17T17:57:35-07:00,0,8
global.js,43,js,38eee8a4,Zhongyan Luo,2025-04-17,17:57:35,-07:00,2025-04-17T17:57:35-07:00,0,9
global.js,44,js,38eee8a4,Zhongyan Luo,2025-04-17,17:57:35,-07:00,2025-04-17T17:57:35-07:00,0,1
global.js,45,js,38eee8a4,Zhongyan Luo,2025-04-17,17:57:35,-07:00,2025-04-17T17:57:35-07:00,0,0
global.js,46,js,38eee8a4,Zhongyan Luo,2025-04-17,17:57:35,-07:00,2025-04-17T17:57:35-07:00,0,37
global.js,47,js,38eee8a4,Zhongyan Luo,2025-04-17,17:57:35,-07:00,2025-04-17T17:57:35-07:00,0,71
global.js,48,js,38eee8a4,Zhongyan Luo,2025-04-17,17:57:35,-07:00,2025-04-17T17:57:35-07:00,0,0
global.js,49,js,38eee8a4,Zhongyan Luo,2025-04-17,17:57:35,-07:00,2025-04-17T17:57:35-07:00,0,0
global.js,50,js,38eee8a4,Zhongyan Luo,2025-04-17,17:57:35,-07:00,2025-04-17T17:57:35-07:00,0,0
global.js,51,js,38eee8a4,Zhongyan Luo,2025-04-17,17:57:35,-07:00,2025-04-17T17:57:35-07:00,0,45
global.js,52,js,38eee8a4,Zhongyan Luo,2025-04-17,17:57:35,-07:00,2025-04-17T17:57:35-07:00,0,50
global.js,53,js,38eee8a4,Zhongyan Luo,2025-04-17,17:57:35,-07:00,2025-04-17T17:57:35-07:00,0,58
global.js,54,js,38eee8a4,Zhongyan Luo,2025-04-17,17:57:35,-07:00,2025-04-17T17:57:35-07:00,0,45
global.js,55,js,38eee8a4,Zhongyan Luo,2025-04-17,17:57:35,-07:00,2025-04-17T17:57:35-07:00,0,34
global.js,56,js,38eee8a4,Zhongyan Luo,2025-04-17,17:57:35,-07:00,2025-04-17T17:57:35-07:00,0,2
global.js,57,js,38eee8a4,Zhongyan Luo,2025-04-17,17:57:35,-07:00,2025-04-17T17:57:35-07:00,0,0
global.js,58,js,38eee8a4,Zhongyan Luo,2025-04-17,17:57:35,-07:00,2025-04-17T17:57:35-07:00,0,34
global.js,59,js,38eee8a4,Zhongyan Luo,2025-04-17,17:57:35,-07:00,2025-04-17T17:57:35-07:00,0,40
global.js,60,js,38eee8a4,Zhongyan Luo,2025-04-17,17:57:35,-07:00,2025-04-17T17:57:35-07:00,0,39
global.js,61,js,a4c3b7f5,Zhongyan Luo,2025-04-25,21:03:10,-07:00,2025-04-25T21:03:10-07:00,0,0
global.js,62,js,a4c3b7f5,Zhongyan Luo,2025-04-25,21:03:10,-07:00,2025-04-25T21:03:10-07:00,0,0
global.js,63,js,a4c3b7f5,Zhongyan Luo,2025-04-25,21:03:10,-07:00,2025-04-25T21:03:10-07:00,0,0
global.js,64,js,a4c3b7f5,Zhongyan Luo,2025-04-25,21:03:10,-07:00,2025-04-25T21:03:10-07:00,0,37
global.js,65,js,a4c3b7f5,Zhongyan Luo,2025-04-25,21:03:10,-07:00,2025-04-25T21:03:10-07:00,0,4
global.js,66,js,a4c3b7f5,Zhongyan Luo,2025-04-25,21:03:10,-07:00,2025-04-25T21:03:10-07:00,0,40
global.js,67,js,a4c3b7f5,Zhongyan Luo,2025-04-25,21:03:10,-07:00,2025-04-25T21:03:10-07:00,0,33
global.js,68,js,a4c3b7f5,Zhongyan Luo,2025-04-25,21:03:10,-07:00,2025-04-25T21:03:10-07:00,0,18
global.js,69,js,a4c3b7f5,Zhongyan Luo,2025-04-25,21:03:10,-07:00,2025-04-25T21:03:10-07:00,0,67
global.js,70,js,a4c3b7f5,Zhongyan Luo,2025-04-25,21:03:10,-07:00,2025-04-25T21:03:10-07:00,0,0
global.js,71,js,a4c3b7f5,Zhongyan Luo,2025-04-25,21:03:10,-07:00,2025-04-25T21:03:10-07:00,0,34
global.js,72,js,a4c3b7f5,Zhongyan Luo,2025-04-25,21:03:10,-07:00,2025-04-25T21:03:10-07:00,0,11
global.js,73,js,a4c3b7f5,Zhongyan Luo,2025-04-25,21:03:10,-07:00,2025-04-25T21:03:10-07:00,0,16
global.js,74,js,a4c3b7f5,Zhongyan Luo,2025-04-25,21:03:10,-07:00,2025-04-25T21:03:10-07:00,0,60
global.js,75,js,a4c3b7f5,Zhongyan Luo,2025-04-25,21:03:10,-07:00,2025-04-25T21:03:10-07:00,0,0
global.js,76,js,a4c3b7f5,Zhongyan Luo,2025-04-25,21:03:10,-07:00,2025-04-25T21:03:10-07:00,0,0
global.js,77,js,a4c3b7f5,Zhongyan Luo,2025-04-25,21:03:10,-07:00,2025-04-25T21:03:10-07:00,0,0
global.js,78,js,a4c3b7f5,Zhongyan Luo,2025-04-25,21:03:10,-07:00,2025-04-25T21:03:10-07:00,0,79
global.js,79,js,a4c3b7f5,Zhongyan Luo,2025-04-25,21:03:10,-07:00,2025-04-25T21:03:10-07:00,0,31
global.js,80,js,a4c3b7f5,Zhongyan Luo,2025-04-25,21:03:10,-07:00,2025-04-25T21:03:10-07:00,0,23
global.js,81,js,a4c3b7f5,Zhongyan Luo,2025-04-25,21:03:10,-07:00,2025-04-25T21:03:10-07:00,0,49
global.js,82,js,a4c3b7f5,Zhongyan Luo,2025-04-25,21:03:10,-07:00,2025-04-25T21:03:10-07:00,0,20
global.js,83,js,a4c3b7f5,Zhongyan Luo,2025-04-25,21:03:10,-07:00,2025-04-25T21:03:10-07:00,0,66
global.js,84,js,a4c3b7f5,Zhongyan Luo,2025-04-25,21:03:10,-07:00,2025-04-25T21:03:10-07:00,0,60
global.js,85,js,a4c3b7f5,Zhongyan Luo,2025-04-25,21:03:10,-07:00,2025-04-25T21:03:10-07:00,0,22
global.js,86,js,a4c3b7f5,Zhongyan Luo,2025-04-25,21:03:10,-07:00,2025-04-25T21:03:10-07:00,0,1
global.js,87,js,a4c3b7f5,Zhongyan Luo,2025-04-25,21:03:10,-07:00,2025-04-25T21:03:10-07:00,0,37
global.js,88,js,a4c3b7f5,Zhongyan Luo,2025-04-25,21:03:10,-07:00,2025-04-25T21:03:10-07:00,0,0
global.js,89,js,a4c3b7f5,Zhongyan Luo,2025-04-25,21:03:10,-07:00,2025-04-25T21:03:10-07:00,0,0
global.js,90,js,a4c3b7f5,Zhongyan Luo,2025-04-25,21:03:10,-07:00,2025-04-25T21:03:10-07:00,0,0
global.js,91,js,a4c3b7f5,Zhongyan Luo,2025-04-25,21:03:10,-07:00,2025-04-25T21:03:10-07:00,0,48
global.js,92,js,a4c3b7f5,Zhongyan Luo,2025-04-25,21:03:10,-07:00,2025-04-25T21:03:10-07:00,0,60
global.js,93,js,38eee8a4,Zhongyan Luo,2025-04-17,17:57:35,-07:00,2025-04-17T17:57:35-07:00,0,0
projects\projects.js,1,js,a4c3b7f5,Zhongyan Luo,2025-04-25,21:03:10,-07:00,2025-04-25T21:03:10-07:00,0,56
projects\projects.js,2,js,90d38f5c,Zhongyan Luo,2025-04-29,06:30:52,-07:00,2025-04-29T06:30:52-07:00,0,64
projects\projects.js,3,js,a4c3b7f5,Zhongyan Luo,2025-04-25,21:03:10,-07:00,2025-04-25T21:03:10-07:00,0,0
projects\projects.js,4,js,a4c3b7f5,Zhongyan Luo,2025-04-25,21:03:10,-07:00,2025-04-25T21:03:10-07:00,0,56
projects\projects.js,5,js,a4c3b7f5,Zhongyan Luo,2025-04-25,21:03:10,-07:00,2025-04-25T21:03:10-07:00,0,61
projects\projects.js,6,js,a4c3b7f5,Zhongyan Luo,2025-04-25,21:03:10,-07:00,2025-04-25T21:03:10-07:00,0,0
projects\projects.js,7,js,a4c3b7f5,Zhongyan Luo,2025-04-25,21:03:10,-07:00,2025-04-25T21:03:10-07:00,0,49
projects\projects.js,8,js,a4c3b7f5,Zhongyan Luo,2025-04-25,21:03:10,-07:00,2025-04-25T21:03:10-07:00,0,0
projects\projects.js,9,js,a4c3b7f5,Zhongyan Luo,2025-04-25,21:03:10,-07:00,2025-04-25T21:03:10-07:00,0,67
projects\projects.js,10,js,a4c3b7f5,Zhongyan Luo,2025-04-25,21:03:10,-07:00,2025-04-25T21:03:10-07:00,0,31
projects\projects.js,11,js,a4c3b7f5,Zhongyan Luo,2025-04-25,21:03:10,-07:00,2025-04-25T21:03:10-07:00,0,74
projects\projects.js,12,js,a4c3b7f5,Zhongyan Luo,2025-04-25,21:03:10,-07:00,2025-04-25T21:03:10-07:00,0,0
projects\projects.js,13,js,90d38f5c,Zhongyan Luo,2025-04-29,06:30:52,-07:00,2025-04-29T06:30:52-07:00,0,58
projects\projects.js,14,js,a4c3b7f5,Zhongyan Luo,2025-04-25,21:03:10,-07:00,2025-04-25T21:03:10-07:00,0,0
projects\projects.js,15,js,bdfecbc4,Zhongyan Luo,2025-05-03,17:39:32,-07:00,2025-05-03T17:39:32-07:00,0,27
projects\projects.js,16,js,bdfecbc4,Zhongyan Luo,2025-05-03,17:39:32,-07:00,2025-05-03T17:39:32-07:00,0,8
projects\projects.js,17,js,bdfecbc4,Zhongyan Luo,2025-05-03,17:39:32,-07:00,2025-05-03T17:39:32-07:00,0,15
projects\projects.js,18,js,bdfecbc4,Zhongyan Luo,2025-05-03,17:39:32,-07:00,2025-05-03T17:39:32-07:00,0,13
projects\projects.js,19,js,bdfecbc4,Zhongyan Luo,2025-05-03,17:39:32,-07:00,2025-05-03T17:39:32-07:00,0,1
projects\projects.js,20,js,bdfecbc4,Zhongyan Luo,2025-05-03,17:39:32,-07:00,2025-05-03T17:39:32-07:00,0,0
projects\projects.js,21,js,bdfecbc4,Zhongyan Luo,2025-05-03,17:39:32,-07:00,2025-05-03T17:39:32-07:00,0,45
projects\projects.js,22,js,bdfecbc4,Zhongyan Luo,2025-05-03,17:39:32,-07:00,2025-05-03T17:39:32-07:00,0,36
projects\projects.js,23,js,bdfecbc4,Zhongyan Luo,2025-05-03,17:39:32,-07:00,2025-05-03T17:39:32-07:00,0,2
projects\projects.js,24,js,90d38f5c,Zhongyan Luo,2025-04-29,06:30:52,-07:00,2025-04-29T06:30:52-07:00,0,0
projects\projects.js,25,js,90d38f5c,Zhongyan Luo,2025-04-29,06:30:52,-07:00,2025-04-29T06:30:52-07:00,0,48
projects\projects.js,26,js,90d38f5c,Zhongyan Luo,2025-04-29,06:30:52,-07:00,2025-04-29T06:30:52-07:00,0,0
projects\projects.js,27,js,90d38f5c,Zhongyan Luo,2025-04-29,06:30:52,-07:00,2025-04-29T06:30:52-07:00,0,51
projects\projects.js,28,js,90d38f5c,Zhongyan Luo,2025-04-29,06:30:52,-07:00,2025-04-29T06:30:52-07:00,0,34
projects\projects.js,29,js,90d38f5c,Zhongyan Luo,2025-04-29,06:30:52,-07:00,2025-04-29T06:30:52-07:00,0,46
projects\projects.js,30,js,90d38f5c,Zhongyan Luo,2025-04-29,06:30:52,-07:00,2025-04-29T06:30:52-07:00,0,13
projects\projects.js,31,js,90d38f5c,Zhongyan Luo,2025-04-29,06:30:52,-07:00,2025-04-29T06:30:52-07:00,0,0
projects\projects.js,32,js,90d38f5c,Zhongyan Luo,2025-04-29,06:30:52,-07:00,2025-04-29T06:30:52-07:00,0,20
projects\projects.js,33,js,90d38f5c,Zhongyan Luo,2025-04-29,06:30:52,-07:00,2025-04-29T06:30:52-07:00,0,10
projects\projects.js,34,js,90d38f5c,Zhongyan Luo,2025-04-29,06:30:52,-07:00,2025-04-29T06:30:52-07:00,0,0
projects\projects.js,35,js,90d38f5c,Zhongyan Luo,2025-04-29,06:30:52,-07:00,2025-04-29T06:30:52-07:00,0,0
projects\projects.js,36,js,90d38f5c,Zhongyan Luo,2025-04-29,06:30:52,-07:00,2025-04-29T06:30:52-07:00,0,13
projects\projects.js,37,js,90d38f5c,Zhongyan Luo,2025-04-29,06:30:52,-07:00,2025-04-29T06:30:52-07:00,0,0
projects\projects.js,38,js,90d38f5c,Zhongyan Luo,2025-04-29,06:30:52,-07:00,2025-04-29T06:30:52-07:00,0,20
projects\projects.js,39,js,90d38f5c,Zhongyan Luo,2025-04-29,06:30:52,-07:00,2025-04-29T06:30:52-07:00,0,48
projects\projects.js,40,js,90d38f5c,Zhongyan Luo,2025-04-29,06:30:52,-07:00,2025-04-29T06:30:52-07:00,0,45
projects\projects.js,41,js,90d38f5c,Zhongyan Luo,2025-04-29,06:30:52,-07:00,2025-04-29T06:30:52-07:00,0,16
projects\projects.js,42,js,90d38f5c,Zhongyan Luo,2025-04-29,06:30:52,-07:00,2025-04-29T06:30:52-07:00,0,0
projects\projects.js,43,js,90d38f5c,Zhongyan Luo,2025-04-29,06:30:52,-07:00,2025-04-29T06:30:52-07:00,0,0
projects\projects.js,44,js,90d38f5c,Zhongyan Luo,2025-04-29,06:30:52,-07:00,2025-04-29T06:30:52-07:00,0,27
projects\projects.js,45,js,90d38f5c,Zhongyan Luo,2025-04-29,06:30:52,-07:00,2025-04-29T06:30:52-07:00,0,15
projects\projects.js,46,js,90d38f5c,Zhongyan Luo,2025-04-29,06:30:52,-07:00,2025-04-29T06:30:52-07:00,0,14
projects\projects.js,47,js,90d38f5c,Zhongyan Luo,2025-04-29,06:30:52,-07:00,2025-04-29T06:30:52-07:00,0,14
projects\projects.js,48,js,90d38f5c,Zhongyan Luo,2025-04-29,06:30:52,-07:00,2025-04-29T06:30:52-07:00,0,25
projects\projects.js,49,js,90d38f5c,Zhongyan Luo,2025-04-29,06:30:52,-07:00,2025-04-29T06:30:52-07:00,0,1
projects\projects.js,50,js,bdfecbc4,Zhongyan Luo,2025-05-03,17:39:32,-07:00,2025-05-03T17:39:32-07:00,0,0
projects\projects.js,51,js,bdfecbc4,Zhongyan Luo,2025-05-03,17:39:32,-07:00,2025-05-03T17:39:32-07:00,0,33
projects\projects.js,52,js,bdfecbc4,Zhongyan Luo,2025-05-03,17:39:32,-07:00,2025-05-03T17:39:32-07:00,0,25
projects\projects.js,53,js,bdfecbc4,Zhongyan Luo,2025-05-03,17:39:32,-07:00,2025-05-03T17:39:32-07:00,0,5
projects\projects.js,54,js,bdfecbc4,Zhongyan Luo,2025-05-03,17:39:32,-07:00,2025-05-03T17:39:32-07:00,0,12
projects\projects.js,55,js,bdfecbc4,Zhongyan Luo,2025-05-03,17:39:32,-07:00,2025-05-03T17:39:32-07:00,0,39
projects\projects.js,56,js,bdfecbc4,Zhongyan Luo,2025-05-03,17:39:32,-07:00,2025-05-03T17:39:32-07:00,0,28
projects\projects.js,57,js,bdfecbc4,Zhongyan Luo,2025-05-03,17:39:32,-07:00,2025-05-03T17:39:32-07:00,0,89
projects\projects.js,58,js,bdfecbc4,Zhongyan Luo,2025-05-03,17:39:32,-07:00,2025-05-03T17:39:32-07:00,0,2
projects\projects.js,59,js,bdfecbc4,Zhongyan Luo,2025-05-03,17:39:32,-07:00,2025-05-03T17:39:32-07:00,0,0
projects\projects.js,60,js,687d49fe,Zhongyan Luo,2025-05-03,18:17:47,-07:00,2025-05-03T18:17:47-07:00,0,93
projects\projects.js,61,js,687d49fe,Zhongyan Luo,2025-05-03,18:17:47,-07:00,2025-05-03T18:17:47-07:00,0,147
projects\projects.js,62,js,bdfecbc4,Zhongyan Luo,2025-05-03,17:39:32,-07:00,2025-05-03T17:39:32-07:00,0,39
projects\projects.js,63,js,bdfecbc4,Zhongyan Luo,2025-05-03,17:39:32,-07:00,2025-05-03T17:39:32-07:00,0,30
projects\projects.js,64,js,bdfecbc4,Zhongyan Luo,2025-05-03,17:39:32,-07:00,2025-05-03T17:39:32-07:00,0,13
projects\projects.js,65,js,bdfecbc4,Zhongyan Luo,2025-05-03,17:39:32,-07:00,2025-05-03T17:39:32-07:00,0,15
projects\projects.js,66,js,bdfecbc4,Zhongyan Luo,2025-05-03,17:39:32,-07:00,2025-05-03T17:39:32-07:00,0,13
projects\projects.js,67,js,bdfecbc4,Zhongyan Luo,2025-05-03,17:39:32,-07:00,2025-05-03T17:39:32-07:00,0,1
projects\projects.js,68,js,bdfecbc4,Zhongyan Luo,2025-05-03,17:39:32,-07:00,2025-05-03T17:39:32-07:00,0,0
projects\projects.js,69,js,bdfecbc4,Zhongyan Luo,2025-05-03,17:39:32,-07:00,2025-05-03T17:39:32-07:00,0,51
projects\projects.js,70,js,bdfecbc4,Zhongyan Luo,2025-05-03,17:39:32,-07:00,2025-05-03T17:39:32-07:00,0,36
projects\projects.js,71,js,bdfecbc4,Zhongyan Luo,2025-05-03,17:39:32,-07:00,2025-05-03T17:39:32-07:00,0,2
projects\projects.js,72,js,687d49fe,Zhongyan Luo,2025-05-03,18:17:47,-07:00,2025-05-03T18:17:47-07:00,0,0
projects\projects.js,73,js,bdfecbc4,Zhongyan Luo,2025-05-03,17:39:32,-07:00,2025-05-03T17:39:32-07:00,0,54
projects\projects.js,74,js,687d49fe,Zhongyan Luo,2025-05-03,18:17:47,-07:00,2025-05-03T18:17:47-07:00,0,43
projects\projects.js,75,js,bdfecbc4,Zhongyan Luo,2025-05-03,17:39:32,-07:00,2025-05-03T17:39:32-07:00,0,52
projects\projects.js,76,js,bdfecbc4,Zhongyan Luo,2025-05-03,17:39:32,-07:00,2025-05-03T17:39:32-07:00,0,0
projects\projects.js,77,js,687d49fe,Zhongyan Luo,2025-05-03,18:17:47,-07:00,2025-05-03T18:17:47-07:00,0,26
projects\projects.js,78,js,687d49fe,Zhongyan Luo,2025-05-03,18:17:47,-07:00,2025-05-03T18:17:47-07:00,0,30
projects\projects.js,79,js,bdfecbc4,Zhongyan Luo,2025-05-03,17:39:32,-07:00,2025-05-03T17:39:32-07:00,0,0
projects\projects.js,80,js,687d49fe,Zhongyan Luo,2025-05-03,18:17:47,-07:00,2025-05-03T18:17:47-07:00,0,33
projects\projects.js,81,js,687d49fe,Zhongyan Luo,2025-05-03,18:17:47,-07:00,2025-05-03T18:17:47-07:00,0,41
projects\projects.js,82,js,687d49fe,Zhongyan Luo,2025-05-03,18:17:47,-07:00,2025-05-03T18:17:47-07:00,0,0
projects\projects.js,83,js,687d49fe,Zhongyan Luo,2025-05-03,18:17:47,-07:00,2025-05-03T18:17:47-07:00,0,22
projects\projects.js,84,js,687d49fe,Zhongyan Luo,2025-05-03,18:17:47,-07:00,2025-05-03T18:17:47-07:00,0,0
projects\projects.js,85,js,687d49fe,Zhongyan Luo,2025-05-03,18:17:47,-07:00,2025-05-03T18:17:47-07:00,0,28
projects\projects.js,86,js,687d49fe,Zhongyan Luo,2025-05-03,18:17:47,-07:00,2025-05-03T18:17:47-07:00,0,2
projects\projects.js,87,js,bdfecbc4,Zhongyan Luo,2025-05-03,17:39:32,-07:00,2025-05-03T17:39:32-07:00,0,14
projects\projects.js,88,js,bdfecbc4,Zhongyan Luo,2025-05-03,17:39:32,-07:00,2025-05-03T17:39:32-07:00,0,14
projects\projects.js,89,js,687d49fe,Zhongyan Luo,2025-05-03,18:17:47,-07:00,2025-05-03T18:17:47-07:00,0,23
projects\projects.js,90,js,687d49fe,Zhongyan Luo,2025-05-03,18:17:47,-07:00,2025-05-03T18:17:47-07:00,0,19
projects\projects.js,91,js,687d49fe,Zhongyan Luo,2025-05-03,18:17:47,-07:00,2025-05-03T18:17:47-07:00,0,44
projects\projects.js,92,js,687d49fe,Zhongyan Luo,2025-05-03,18:17:47,-07:00,2025-05-03T18:17:47-07:00,0,0
projects\projects.js,93,js,687d49fe,Zhongyan Luo,2025-05-03,18:17:47,-07:00,2025-05-03T18:17:47-07:00,0,2
projects\projects.js,94,js,687d49fe,Zhongyan Luo,2025-05-03,18:17:47,-07:00,2025-05-03T18:17:47-07:00,0,17
projects\projects.js,95,js,687d49fe,Zhongyan Luo,2025-05-03,18:17:47,-07:00,2025-05-03T18:17:47-07:00,0,27
projects\projects.js,96,js,687d49fe,Zhongyan Luo,2025-05-03,18:17:47,-07:00,2025-05-03T18:17:47-07:00,0,68
projects\projects.js,97,js,687d49fe,Zhongyan Luo,2025-05-03,18:17:47,-07:00,2025-05-03T18:17:47-07:00,0,2
projects\projects.js,98,js,687d49fe,Zhongyan Luo,2025-05-03,18:17:47,-07:00,2025-05-03T18:17:47-07:00,0,0
projects\projects.js,99,js,687d49fe,Zhongyan Luo,2025-05-03,18:17:47,-07:00,2025-05-03T18:17:47-07:00,0,5
projects\projects.js,100,js,687d49fe,Zhongyan Luo,2025-05-03,18:17:47,-07:00,2025-05-03T18:17:47-07:00,0,15
projects\projects.js,101,js,687d49fe,Zhongyan Luo,2025-05-03,18:17:47,-07:00,2025-05-03T18:17:47-07:00,0,27
projects\projects.js,102,js,687d49fe,Zhongyan Luo,2025-05-03,18:17:47,-07:00,2025-05-03T18:17:47-07:00,0,102
projects\projects.js,103,js,687d49fe,Zhongyan Luo,2025-05-03,18:17:47,-07:00,2025-05-03T18:17:47-07:00,0,2
projects\projects.js,104,js,687d49fe,Zhongyan Luo,2025-05-03,18:17:47,-07:00,2025-05-03T18:17:47-07:00,0,0
projects\projects.js,105,js,687d49fe,Zhongyan Luo,2025-05-03,18:17:47,-07:00,2025-05-03T18:17:47-07:00,0,26
projects\projects.js,106,js,687d49fe,Zhongyan Luo,2025-05-03,18:17:47,-07:00,2025-05-03T18:17:47-07:00,0,54
projects\projects.js,107,js,687d49fe,Zhongyan Luo,2025-05-03,18:17:47,-07:00,2025-05-03T18:17:47-07:00,0,7
projects\projects.js,108,js,687d49fe,Zhongyan Luo,2025-05-03,18:17:47,-07:00,2025-05-03T18:17:47-07:00,0,49
projects\projects.js,109,js,687d49fe,Zhongyan Luo,2025-05-03,18:17:47,-07:00,2025-05-03T18:17:47-07:00,0,73
projects\projects.js,110,js,687d49fe,Zhongyan Luo,2025-05-03,18:17:47,-07:00,2025-05-03T18:17:47-07:00,0,55
projects\projects.js,111,js,687d49fe,Zhongyan Luo,2025-05-03,18:17:47,-07:00,2025-05-03T18:17:47-07:00,0,0
projects\projects.js,112,js,687d49fe,Zhongyan Luo,2025-05-03,18:17:47,-07:00,2025-05-03T18:17:47-07:00,0,2
projects\projects.js,113,js,687d49fe,Zhongyan Luo,2025-05-03,18:17:47,-07:00,2025-05-03T18:17:47-07:00,0,2
projects\projects.js,114,js,bdfecbc4,Zhongyan Luo,2025-05-03,17:39:32,-07:00,2025-05-03T17:39:32-07:00,0,0
projects\projects.js,115,js,bdfecbc4,Zhongyan Luo,2025-05-03,17:39:32,-07:00,2025-05-03T17:39:32-07:00,0,28
projects\projects.js,116,js,bdfecbc4,Zhongyan Luo,2025-05-03,17:39:32,-07:00,2025-05-03T17:39:32-07:00,0,5
projects\projects.js,117,js,bdfecbc4,Zhongyan Luo,2025-05-03,17:39:32,-07:00,2025-05-03T17:39:32-07:00,0,12
projects\projects.js,118,js,bdfecbc4,Zhongyan Luo,2025-05-03,17:39:32,-07:00,2025-05-03T17:39:32-07:00,0,39
projects\projects.js,119,js,bdfecbc4,Zhongyan Luo,2025-05-03,17:39:32,-07:00,2025-05-03T17:39:32-07:00,0,28
projects\projects.js,120,js,bdfecbc4,Zhongyan Luo,2025-05-03,17:39:32,-07:00,2025-05-03T17:39:32-07:00,0,89
projects\projects.js,121,js,bdfecbc4,Zhongyan Luo,2025-05-03,17:39:32,-07:00,2025-05-03T17:39:32-07:00,0,2
projects\projects.js,122,js,bdfecbc4,Zhongyan Luo,2025-05-03,17:39:32,-07:00,2025-05-03T17:39:32-07:00,0,0
projects\projects.js,123,js,bdfecbc4,Zhongyan Luo,2025-05-03,17:39:32,-07:00,2025-05-03T17:39:32-07:00,0,0
projects\projects.js,124,js,bdfecbc4,Zhongyan Luo,2025-05-03,17:39:32,-07:00,2025-05-03T17:39:32-07:00,0,0
projects\projects.js,125,js,bdfecbc4,Zhongyan Luo,2025-05-03,17:39:32,-07:00,2025-05-03T17:39:32-07:00,0,24
projects\projects.js,126,js,bdfecbc4,Zhongyan Luo,2025-05-03,17:39:32,-07:00,2025-05-03T17:39:32-07:00,0,0
projects\projects.js,127,js,bdfecbc4,Zhongyan Luo,2025-05-03,17:39:32,-07:00,2025-05-03T17:39:32-07:00,0,14
projects\projects.js,128,js,bdfecbc4,Zhongyan Luo,2025-05-03,17:39:32,-07:00,2025-05-03T17:39:32-07:00,0,54
projects\projects.js,129,js,bdfecbc4,Zhongyan Luo,2025-05-03,17:39:32,-07:00,2025-05-03T17:39:32-07:00,0,50
projects\projects.js,130,js,bdfecbc4,Zhongyan Luo,2025-05-03,17:39:32,-07:00,2025-05-03T17:39:32-07:00,0,26
projects\projects.js,131,js,bdfecbc4,Zhongyan Luo,2025-05-03,17:39:32,-07:00,2025-05-03T17:39:32-07:00,0,52
projects\projects.js,132,js,bdfecbc4,Zhongyan Luo,2025-05-03,17:39:32,-07:00,2025-05-03T17:39:32-07:00,0,60
projects\projects.js,133,js,bdfecbc4,Zhongyan Luo,2025-05-03,17:39:32,-07:00,2025-05-03T17:39:32-07:00,0,43
projects\projects.js,134,js,bdfecbc4,Zhongyan Luo,2025-05-03,17:39:32,-07:00,2025-05-03T17:39:32-07:00,0,2
projects\projects.js,135,js,bdfecbc4,Zhongyan Luo,2025-05-03,17:39:32,-07:00,2025-05-03T17:39:32-07:00,0,57
projects\projects.js,136,js,bdfecbc4,Zhongyan Luo,2025-05-03,17:39:32,-07:00,2025-05-03T17:39:32-07:00,0,32
projects\projects.js,137,js,687d49fe,Zhongyan Luo,2025-05-03,18:17:47,-07:00,2025-05-03T18:17:47-07:00,0,2
projects\projects.js,138,js,687d49fe,Zhongyan Luo,2025-05-03,18:17:47,-07:00,2025-05-03T18:17:47-07:00,0,0
projects\projects.js,139,js,687d49fe,Zhongyan Luo,2025-05-03,18:17:47,-07:00,2025-05-03T18:17:47-07:00,0,0
projects\projects.js,140,js,687d49fe,Zhongyan Luo,2025-05-03,18:17:47,-07:00,2025-05-03T18:17:47-07:00,0,0
projects\projects.js,141,js,687d49fe,Zhongyan Luo,2025-05-03,18:17:47,-07:00,2025-05-03T18:17:47-07:00,0,0
projects\index.html,1,html,cea5a9fe,Zhongyan Luo,2025-04-03,00:11:46,-07:00,2025-04-03T00:11:46-07:00,0,14
projects\index.html,2,html,cea5a9fe,Zhongyan Luo,2025-04-03,00:11:46,-07:00,2025-04-03T00:11:46-07:00,0,15
projects\index.html,3,html,cea5a9fe,Zhongyan Luo,2025-04-03,00:11:46,-07:00,2025-04-03T00:11:46-07:00,0,5
projects\index.html,4,html,cbe388a1,Zhongyan Luo,2025-04-08,22:01:43,-07:00,2025-04-08T22:01:43-07:00,0,42
projects\index.html,5,html,a4c3b7f5,Zhongyan Luo,2025-04-25,21:03:10,-07:00,2025-04-25T21:03:10-07:00,0,49
projects\index.html,6,html,a4c3b7f5,Zhongyan Luo,2025-04-25,21:03:10,-07:00,2025-04-25T21:03:10-07:00,0,48
projects\index.html,7,html,cea5a9fe,Zhongyan Luo,2025-04-03,00:11:46,-07:00,2025-04-03T00:11:46-07:00,0,21
projects\index.html,8,html,cea5a9fe,Zhongyan Luo,2025-04-03,00:11:46,-07:00,2025-04-03T00:11:46-07:00,0,69
projects\index.html,9,html,cea5a9fe,Zhongyan Luo,2025-04-03,00:11:46,-07:00,2025-04-03T00:11:46-07:00,0,22
projects\index.html,10,html,cbe388a1,Zhongyan Luo,2025-04-08,22:01:43,-07:00,2025-04-08T22:01:43-07:00,0,6
projects\index.html,11,html,cbe388a1,Zhongyan Luo,2025-04-08,22:01:43,-07:00,2025-04-08T22:01:43-07:00,0,5
projects\index.html,12,html,cbe388a1,Zhongyan Luo,2025-04-08,22:01:43,-07:00,2025-04-08T22:01:43-07:00,0,16
projects\index.html,13,html,bdfecbc4,Zhongyan Luo,2025-05-03,17:39:32,-07:00,2025-05-03T17:39:32-07:00,0,0
projects\index.html,14,html,bdfecbc4,Zhongyan Luo,2025-05-03,17:39:32,-07:00,2025-05-03T17:39:32-07:00,0,22
projects\index.html,15,html,bdfecbc4,Zhongyan Luo,2025-05-03,17:39:32,-07:00,2025-05-03T17:39:32-07:00,0,59
projects\index.html,16,html,bdfecbc4,Zhongyan Luo,2025-05-03,17:39:32,-07:00,2025-05-03T17:39:32-07:00,0,23
projects\index.html,17,html,bdfecbc4,Zhongyan Luo,2025-05-03,17:39:32,-07:00,2025-05-03T17:39:32-07:00,0,5
projects\index.html,18,html,bdfecbc4,Zhongyan Luo,2025-05-03,17:39:32,-07:00,2025-05-03T17:39:32-07:00,0,23
projects\index.html,19,html,bdfecbc4,Zhongyan Luo,2025-05-03,17:39:32,-07:00,2025-05-03T17:39:32-07:00,0,12
projects\index.html,20,html,bdfecbc4,Zhongyan Luo,2025-05-03,17:39:32,-07:00,2025-05-03T17:39:32-07:00,0,27
projects\index.html,21,html,bdfecbc4,Zhongyan Luo,2025-05-03,17:39:32,-07:00,2025-05-03T17:39:32-07:00,0,32
projects\index.html,22,html,bdfecbc4,Zhongyan Luo,2025-05-03,17:39:32,-07:00,2025-05-03T17:39:32-07:00,0,1
projects\index.html,23,html,7bb80dc2,Zhongyan Luo,2025-04-10,13:23:23,-07:00,2025-04-10T13:23:23-07:00,0,21
projects\index.html,24,html,a4c3b7f5,Zhongyan Luo,2025-04-25,21:03:10,-07:00,2025-04-25T21:03:10-07:00,0,35
projects\index.html,25,html,7bb80dc2,Zhongyan Luo,2025-04-10,13:23:23,-07:00,2025-04-10T13:23:23-07:00,0,5
projects\index.html,26,html,cea5a9fe,Zhongyan Luo,2025-04-03,00:11:46,-07:00,2025-04-03T00:11:46-07:00,0,6
projects\index.html,27,html,cbe388a1,Zhongyan Luo,2025-04-08,22:01:43,-07:00,2025-04-08T22:01:43-07:00,0,6
cv\index.html,1,html,2e89a83d,Zhongyan Luo,2025-04-03,00:31:17,-07:00,2025-04-03T00:31:17-07:00,0,14
cv\index.html,2,html,2e89a83d,Zhongyan Luo,2025-04-03,00:31:17,-07:00,2025-04-03T00:31:17-07:00,0,5
cv\index.html,3,html,2e89a83d,Zhongyan Luo,2025-04-03,00:31:17,-07:00,2025-04-03T00:31:17-07:00,0,5
cv\index.html,4,html,2e89a83d,Zhongyan Luo,2025-04-03,00:31:17,-07:00,2025-04-03T00:31:17-07:00,0,21
cv\index.html,5,html,7bb80dc2,Zhongyan Luo,2025-04-10,13:23:23,-07:00,2025-04-10T13:23:23-07:00,0,42
cv\index.html,6,html,ce63b49b,Zhongyan Luo,2025-04-16,20:51:12,-07:00,2025-04-16T20:51:12-07:00,0,49
cv\index.html,7,html,aa96e126,Zhongyan Luo,2025-04-10,13:27:42,-07:00,2025-04-10T13:27:42-07:00,0,112
cv\index.html,8,html,7bb80dc2,Zhongyan Luo,2025-04-10,13:23:23,-07:00,2025-04-10T13:23:23-07:00,0,6
cv\index.html,9,html,82c7bf13,Zhongyan Luo,2025-04-10,13:29:38,-07:00,2025-04-10T13:29:38-07:00,0,38
cv\index.html,10,html,7bb80dc2,Zhongyan Luo,2025-04-10,13:23:23,-07:00,2025-04-10T13:23:23-07:00,0,73
cv\index.html,11,html,7bb80dc2,Zhongyan Luo,2025-04-10,13:23:23,-07:00,2025-04-10T13:23:23-07:00,0,31
cv\index.html,12,html,7bb80dc2,Zhongyan Luo,2025-04-10,13:23:23,-07:00,2025-04-10T13:23:23-07:00,0,29
cv\index.html,13,html,7bb80dc2,Zhongyan Luo,2025-04-10,13:23:23,-07:00,2025-04-10T13:23:23-07:00,0,33
cv\index.html,14,html,7bb80dc2,Zhongyan Luo,2025-04-10,13:23:23,-07:00,2025-04-10T13:23:23-07:00,0,27
cv\index.html,15,html,7bb80dc2,Zhongyan Luo,2025-04-10,13:23:23,-07:00,2025-04-10T13:23:23-07:00,0,50
cv\index.html,16,html,7bb80dc2,Zhongyan Luo,2025-04-10,13:23:23,-07:00,2025-04-10T13:23:23-07:00,0,7
cv\index.html,17,html,2e89a83d,Zhongyan Luo,2025-04-03,00:31:17,-07:00,2025-04-03T00:31:17-07:00,0,42
cv\index.html,18,html,2e89a83d,Zhongyan Luo,2025-04-03,00:31:17,-07:00,2025-04-03T00:31:17-07:00,0,6
cv\index.html,19,html,2e89a83d,Zhongyan Luo,2025-04-03,00:31:17,-07:00,2025-04-03T00:31:17-07:00,0,5
cv\index.html,20,html,cbe388a1,Zhongyan Luo,2025-04-08,22:01:43,-07:00,2025-04-08T22:01:43-07:00,0,3
cv\index.html,21,html,aa96e126,Zhongyan Luo,2025-04-10,13:27:42,-07:00,2025-04-10T13:27:42-07:00,0,110
cv\index.html,22,html,2e89a83d,Zhongyan Luo,2025-04-03,00:31:17,-07:00,2025-04-03T00:31:17-07:00,0,27
cv\index.html,23,html,2e89a83d,Zhongyan Luo,2025-04-03,00:31:17,-07:00,2025-04-03T00:31:17-07:00,0,20
cv\index.html,24,html,2e89a83d,Zhongyan Luo,2025-04-03,00:31:17,-07:00,2025-04-03T00:31:17-07:00,0,16
cv\index.html,25,html,2e89a83d,Zhongyan Luo,2025-04-03,00:31:17,-07:00,2025-04-03T00:31:17-07:00,0,56
cv\index.html,26,html,2e89a83d,Zhongyan Luo,2025-04-03,00:31:17,-07:00,2025-04-03T00:31:17-07:00,0,81
cv\index.html,27,html,2e89a83d,Zhongyan Luo,2025-04-03,00:31:17,-07:00,2025-04-03T00:31:17-07:00,0,5
cv\index.html,28,html,2e89a83d,Zhongyan Luo,2025-04-03,00:31:17,-07:00,2025-04-03T00:31:17-07:00,0,0
cv\index.html,29,html,2e89a83d,Zhongyan Luo,2025-04-03,00:31:17,-07:00,2025-04-03T00:31:17-07:00,0,8
cv\index.html,30,html,2e89a83d,Zhongyan Luo,2025-04-03,00:31:17,-07:00,2025-04-03T00:31:17-07:00,0,17
cv\index.html,31,html,2e89a83d,Zhongyan Luo,2025-04-03,00:31:17,-07:00,2025-04-03T00:31:17-07:00,0,99
cv\index.html,32,html,2e89a83d,Zhongyan Luo,2025-04-03,00:31:17,-07:00,2025-04-03T00:31:17-07:00,0,36
cv\index.html,33,html,bdfecbc4,Zhongyan Luo,2025-05-03,17:39:32,-07:00,2025-05-03T17:39:32-07:00,0,121
cv\index.html,34,html,2e89a83d,Zhongyan Luo,2025-04-03,00:31:17,-07:00,2025-04-03T00:31:17-07:00,0,36
cv\index.html,35,html,2e89a83d,Zhongyan Luo,2025-04-03,00:31:17,-07:00,2025-04-03T00:31:17-07:00,0,3
cv\index.html,36,html,2e89a83d,Zhongyan Luo,2025-04-03,00:31:17,-07:00,2025-04-03T00:31:17-07:00,0,39
cv\index.html,37,html,2e89a83d,Zhongyan Luo,2025-04-03,00:31:17,-07:00,2025-04-03T00:31:17-07:00,0,223
cv\index.html,38,html,2e89a83d,Zhongyan Luo,2025-04-03,00:31:17,-07:00,2025-04-03T00:31:17-07:00,0,4
cv\index.html,39,html,2e89a83d,Zhongyan Luo,2025-04-03,00:31:17,-07:00,2025-04-03T00:31:17-07:00,0,9
cv\index.html,40,html,2e89a83d,Zhongyan Luo,2025-04-03,00:31:17,-07:00,2025-04-03T00:31:17-07:00,0,0
cv\index.html,41,html,2e89a83d,Zhongyan Luo,2025-04-03,00:31:17,-07:00,2025-04-03T00:31:17-07:00,0,8
cv\index.html,42,html,2e89a83d,Zhongyan Luo,2025-04-03,00:31:17,-07:00,2025-04-03T00:31:17-07:00,0,18
cv\index.html,43,html,2e89a83d,Zhongyan Luo,2025-04-03,00:31:17,-07:00,2025-04-03T00:31:17-07:00,0,0
cv\index.html,44,html,2e89a83d,Zhongyan Luo,2025-04-03,00:31:17,-07:00,2025-04-03T00:31:17-07:00,0,113
cv\index.html,45,html,2e89a83d,Zhongyan Luo,2025-04-03,00:31:17,-07:00,2025-04-03T00:31:17-07:00,0,3
cv\index.html,46,html,2e89a83d,Zhongyan Luo,2025-04-03,00:31:17,-07:00,2025-04-03T00:31:17-07:00,0,175
cv\index.html,47,html,2e89a83d,Zhongyan Luo,2025-04-03,00:31:17,-07:00,2025-04-03T00:31:17-07:00,0,121
cv\index.html,48,html,2e89a83d,Zhongyan Luo,2025-04-03,00:31:17,-07:00,2025-04-03T00:31:17-07:00,0,175
cv\index.html,49,html,2e89a83d,Zhongyan Luo,2025-04-03,00:31:17,-07:00,2025-04-03T00:31:17-07:00,0,113
cv\index.html,50,html,2e89a83d,Zhongyan Luo,2025-04-03,00:31:17,-07:00,2025-04-03T00:31:17-07:00,0,4
cv\index.html,51,html,2e89a83d,Zhongyan Luo,2025-04-03,00:31:17,-07:00,2025-04-03T00:31:17-07:00,0,0
cv\index.html,52,html,8cb8f713,Zhongyan Luo,2025-05-01,18:54:17,-07:00,2025-05-01T18:54:17-07:00,0,113
cv\index.html,53,html,2e89a83d,Zhongyan Luo,2025-04-03,00:31:17,-07:00,2025-04-03T00:31:17-07:00,0,3
cv\index.html,54,html,2e89a83d,Zhongyan Luo,2025-04-03,00:31:17,-07:00,2025-04-03T00:31:17-07:00,0,99
cv\index.html,55,html,2e89a83d,Zhongyan Luo,2025-04-03,00:31:17,-07:00,2025-04-03T00:31:17-07:00,0,200
cv\index.html,56,html,2e89a83d,Zhongyan Luo,2025-04-03,00:31:17,-07:00,2025-04-03T00:31:17-07:00,0,116
cv\index.html,57,html,2e89a83d,Zhongyan Luo,2025-04-03,00:31:17,-07:00,2025-04-03T00:31:17-07:00,0,56
cv\index.html,58,html,2e89a83d,Zhongyan Luo,2025-04-03,00:31:17,-07:00,2025-04-03T00:31:17-07:00,0,4
cv\index.html,59,html,2e89a83d,Zhongyan Luo,2025-04-03,00:31:17,-07:00,2025-04-03T00:31:17-07:00,0,0
cv\index.html,60,html,2e89a83d,Zhongyan Luo,2025-04-03,00:31:17,-07:00,2025-04-03T00:31:17-07:00,0,123
cv\index.html,61,html,2e89a83d,Zhongyan Luo,2025-04-03,00:31:17,-07:00,2025-04-03T00:31:17-07:00,0,3
cv\index.html,62,html,83efa917,Zhongyan Luo,2025-04-05,19:52:31,-07:00,2025-04-05T19:52:31-07:00,0,112
cv\index.html,63,html,83efa917,Zhongyan Luo,2025-04-05,19:52:31,-07:00,2025-04-05T19:52:31-07:00,0,117
cv\index.html,64,html,2e89a83d,Zhongyan Luo,2025-04-03,00:31:17,-07:00,2025-04-03T00:31:17-07:00,0,4
cv\index.html,65,html,2e89a83d,Zhongyan Luo,2025-04-03,00:31:17,-07:00,2025-04-03T00:31:17-07:00,0,9
cv\index.html,66,html,2e89a83d,Zhongyan Luo,2025-04-03,00:31:17,-07:00,2025-04-03T00:31:17-07:00,0,0
cv\index.html,67,html,2e89a83d,Zhongyan Luo,2025-04-03,00:31:17,-07:00,2025-04-03T00:31:17-07:00,0,8
cv\index.html,68,html,2e89a83d,Zhongyan Luo,2025-04-03,00:31:17,-07:00,2025-04-03T00:31:17-07:00,0,16
cv\index.html,69,html,2e89a83d,Zhongyan Luo,2025-04-03,00:31:17,-07:00,2025-04-03T00:31:17-07:00,0,0
cv\index.html,70,html,2e89a83d,Zhongyan Luo,2025-04-03,00:31:17,-07:00,2025-04-03T00:31:17-07:00,0,118
cv\index.html,71,html,2e89a83d,Zhongyan Luo,2025-04-03,00:31:17,-07:00,2025-04-03T00:31:17-07:00,0,3
cv\index.html,72,html,2e89a83d,Zhongyan Luo,2025-04-03,00:31:17,-07:00,2025-04-03T00:31:17-07:00,0,107
cv\index.html,73,html,2e89a83d,Zhongyan Luo,2025-04-03,00:31:17,-07:00,2025-04-03T00:31:17-07:00,0,100
cv\index.html,74,html,2e89a83d,Zhongyan Luo,2025-04-03,00:31:17,-07:00,2025-04-03T00:31:17-07:00,0,4
cv\index.html,75,html,2e89a83d,Zhongyan Luo,2025-04-03,00:31:17,-07:00,2025-04-03T00:31:17-07:00,0,0
cv\index.html,76,html,2e89a83d,Zhongyan Luo,2025-04-03,00:31:17,-07:00,2025-04-03T00:31:17-07:00,0,113
cv\index.html,77,html,2e89a83d,Zhongyan Luo,2025-04-03,00:31:17,-07:00,2025-04-03T00:31:17-07:00,0,3
cv\index.html,78,html,2e89a83d,Zhongyan Luo,2025-04-03,00:31:17,-07:00,2025-04-03T00:31:17-07:00,0,121
cv\index.html,79,html,2e89a83d,Zhongyan Luo,2025-04-03,00:31:17,-07:00,2025-04-03T00:31:17-07:00,0,4
cv\index.html,80,html,2e89a83d,Zhongyan Luo,2025-04-03,00:31:17,-07:00,2025-04-03T00:31:17-07:00,0,0
cv\index.html,81,html,2e89a83d,Zhongyan Luo,2025-04-03,00:31:17,-07:00,2025-04-03T00:31:17-07:00,0,102
cv\index.html,82,html,2e89a83d,Zhongyan Luo,2025-04-03,00:31:17,-07:00,2025-04-03T00:31:17-07:00,0,3
cv\index.html,83,html,2e89a83d,Zhongyan Luo,2025-04-03,00:31:17,-07:00,2025-04-03T00:31:17-07:00,0,127
cv\index.html,84,html,2e89a83d,Zhongyan Luo,2025-04-03,00:31:17,-07:00,2025-04-03T00:31:17-07:00,0,4
cv\index.html,85,html,2e89a83d,Zhongyan Luo,2025-04-03,00:31:17,-07:00,2025-04-03T00:31:17-07:00,0,9
cv\index.html,86,html,2e89a83d,Zhongyan Luo,2025-04-03,00:31:17,-07:00,2025-04-03T00:31:17-07:00,0,0
cv\index.html,87,html,2e89a83d,Zhongyan Luo,2025-04-03,00:31:17,-07:00,2025-04-03T00:31:17-07:00,0,8
cv\index.html,88,html,2e89a83d,Zhongyan Luo,2025-04-03,00:31:17,-07:00,2025-04-03T00:31:17-07:00,0,24
cv\index.html,89,html,2e89a83d,Zhongyan Luo,2025-04-03,00:31:17,-07:00,2025-04-03T00:31:17-07:00,0,3
cv\index.html,90,html,2e89a83d,Zhongyan Luo,2025-04-03,00:31:17,-07:00,2025-04-03T00:31:17-07:00,0,124
cv\index.html,91,html,2e89a83d,Zhongyan Luo,2025-04-03,00:31:17,-07:00,2025-04-03T00:31:17-07:00,0,119
cv\index.html,92,html,2e89a83d,Zhongyan Luo,2025-04-03,00:31:17,-07:00,2025-04-03T00:31:17-07:00,0,4
cv\index.html,93,html,2e89a83d,Zhongyan Luo,2025-04-03,00:31:17,-07:00,2025-04-03T00:31:17-07:00,0,9
cv\index.html,94,html,2e89a83d,Zhongyan Luo,2025-04-03,00:31:17,-07:00,2025-04-03T00:31:17-07:00,0,6
cv\index.html,95,html,2e89a83d,Zhongyan Luo,2025-04-03,00:31:17,-07:00,2025-04-03T00:31:17-07:00,0,6
contact\index.html,1,html,cea5a9fe,Zhongyan Luo,2025-04-03,00:11:46,-07:00,2025-04-03T00:11:46-07:00,0,14
contact\index.html,2,html,cea5a9fe,Zhongyan Luo,2025-04-03,00:11:46,-07:00,2025-04-03T00:11:46-07:00,0,15
contact\index.html,3,html,cea5a9fe,Zhongyan Luo,2025-04-03,00:11:46,-07:00,2025-04-03T00:11:46-07:00,0,5
contact\index.html,4,html,cbe388a1,Zhongyan Luo,2025-04-08,22:01:43,-07:00,2025-04-08T22:01:43-07:00,0,42
contact\index.html,5,html,ce63b49b,Zhongyan Luo,2025-04-16,20:51:12,-07:00,2025-04-16T20:51:12-07:00,0,49
contact\index.html,6,html,cea5a9fe,Zhongyan Luo,2025-04-03,00:11:46,-07:00,2025-04-03T00:11:46-07:00,0,21
contact\index.html,7,html,cea5a9fe,Zhongyan Luo,2025-04-03,00:11:46,-07:00,2025-04-03T00:11:46-07:00,0,69
contact\index.html,8,html,cea5a9fe,Zhongyan Luo,2025-04-03,00:11:46,-07:00,2025-04-03T00:11:46-07:00,0,21
contact\index.html,9,html,cea5a9fe,Zhongyan Luo,2025-04-03,00:11:46,-07:00,2025-04-03T00:11:46-07:00,0,3
contact\index.html,10,html,cea5a9fe,Zhongyan Luo,2025-04-03,00:11:46,-07:00,2025-04-03T00:11:46-07:00,0,6
contact\index.html,11,html,cea5a9fe,Zhongyan Luo,2025-04-03,00:11:46,-07:00,2025-04-03T00:11:46-07:00,0,4
contact\index.html,12,html,cea5a9fe,Zhongyan Luo,2025-04-03,00:11:46,-07:00,2025-04-03T00:11:46-07:00,0,72
contact\index.html,13,html,cea5a9fe,Zhongyan Luo,2025-04-03,00:11:46,-07:00,2025-04-03T00:11:46-07:00,0,32
contact\index.html,14,html,cea5a9fe,Zhongyan Luo,2025-04-03,00:11:46,-07:00,2025-04-03T00:11:46-07:00,0,46
contact\index.html,15,html,f96f7ca6,Zhongyan Luo,2025-04-03,00:52:27,-07:00,2025-04-03T00:52:27-07:00,0,33
contact\index.html,16,html,cea5a9fe,Zhongyan Luo,2025-04-03,00:11:46,-07:00,2025-04-03T00:11:46-07:00,0,33
contact\index.html,17,html,24df9239,Zhongyan Luo,2025-04-09,17:16:51,-07:00,2025-04-09T17:16:51-07:00,0,33
contact\index.html,18,html,cea5a9fe,Zhongyan Luo,2025-04-03,00:11:46,-07:00,2025-04-03T00:11:46-07:00,0,32
contact\index.html,19,html,24df9239,Zhongyan Luo,2025-04-09,17:16:51,-07:00,2025-04-09T17:16:51-07:00,0,20
contact\index.html,20,html,cea5a9fe,Zhongyan Luo,2025-04-03,00:11:46,-07:00,2025-04-03T00:11:46-07:00,0,6
contact\index.html,21,html,cea5a9fe,Zhongyan Luo,2025-04-03,00:11:46,-07:00,2025-04-03T00:11:46-07:00,0,6
contact\index.html,22,html,cea5a9fe,Zhongyan Luo,2025-04-03,00:11:46,-07:00,2025-04-03T00:11:46-07:00,0,5
contact\index.html,23,html,cea5a9fe,Zhongyan Luo,2025-04-03,00:11:46,-07:00,2025-04-03T00:11:46-07:00,0,0
contact\index.html,24,html,cea5a9fe,Zhongyan Luo,2025-04-03,00:11:46,-07:00,2025-04-03T00:11:46-07:00,0,6
contact\index.html,25,html,cea5a9fe,Zhongyan Luo,2025-04-03,00:11:46,-07:00,2025-04-03T00:11:46-07:00,0,6
